x1,x2,class
3.26,2.61,0
6.99,5.71,1
7.59,6.81,1
3.05,2.9,0
5.0,4.2,1
7.29,6.15,1
4.62,3.25,0
2.94,3.71,0
8.37,7.37,1
8.59,5.25,1
5.32,6.87,1
8.33,7.21,1
9.58,7.19,1
6.67,6.3,1
7.04,8.46,1
9.4,5.95,1
3.71,4.26,0
2.3,4.15,0
2.89,2.67,0
7.03,7.0,1
6.0,5.5,0
0.96,1.81,0
6.85,5.96,1
1.84,2.03,0
6.95,7.4,1
6.28,2.97,0
5.59,6.18,1
7.01,9.19,1
2.43,4.35,0
5.95,8.13,1
8.89,7.7,1
7.91,8.59,1
1.61,3.08,0
4.0,5.0,1
6.89,7.52,1
7.79,9.27,1
4.31,3.1,0
2.63,3.8,0
4.73,7.85,1
3.67,3.09,0
8.02,6.32,1
8.06,7.81,1
8.12,8.08,1
8.09,6.64,1
6.29,7.23,1
4.38,3.59,0
3.98,2.25,0
4.3,4.97,0
3.9,2.15,0
7.43,9.8,1
6.73,5.62,1
4.11,2.38,0
7.67,8.78,1
7.8,7.53,1
4.19,3.98,0
3.65,3.78,0
4.42,4.53,0
1.31,3.06,0
6.26,7.06,1
5.31,5.62,1
6.5,4.5,0
6.17,7.73,1
4.63,3.79,0
3.48,2.39,0
6.44,6.96,1
4.04,4.06,0
2.37,4.76,0
3.14,5.44,0
5.09,3.3,0
3.35,2.41,0
4.47,4.21,0
5.78,6.2,1
3.88,4.32,0
3.59,4.97,0
10.1,11.29,1
4.48,4.72,0
2.83,2.44,0
8.59,7.96,1
4.64,4.51,0
6.7,7.32,1
4.64,3.44,0
8.04,6.21,1
2.94,3.04,0
3.69,4.4,0
