GPA,Exam_Score,Result
2.75,32.0,0
3.9,75.0,1
3.46,52.0,0
3.2,66.0,1
2.31,94.0,0
2.31,47.0,0
2.12,59.0,0
3.73,83.0,1
3.2,46.0,0
3.42,35.0,0
2.04,50.0,0
3.94,41.0,0
3.66,95.0,1
2.42,87.0,0
2.36,74.0,0
2.37,91.0,1
2.61,86.0,0
3.05,43.0,0
2.86,92.0,1
2.58,68.0,0
3.22,87.0,1
2.28,93.0,0
2.58,52.0,0
2.73,38.0,0
2.91,46.0,0
3.57,60.0,1
2.4,87.0,0
3.03,90.0,1
3.18,30.0,0
2.09,66.0,0
3.22,59.0,0
2.34,46.0,0
2.13,38.0,0
3.9,54.0,1
3.93,96.0,1
3.62,53.0,1
2.61,66.0,0
2.2,79.0,0
3.37,55.0,1
2.88,98.0,1
2.24,97.0,0
2.99,48.0,1
2.07,65.0,0
3.82,51.0,1
2.52,50.0,0
3.33,33.0,0
2.62,73.0,0
3.04,65.0,0
3.09,34.0,0
2.37,50.0,0
3.94,94.0,1
3.55,47.0,1
3.88,40.0,0
3.79,64.0,1
3.2,99.0,0
3.84,47.0,1
2.18,77.0,0
2.39,83.0,0
2.09,47.0,0
2.65,81.0,0
2.78,56.0,0
2.54,74.0,0
3.66,74.0,0
2.71,68.0,0
2.56,36.0,0
3.09,88.0,1
2.28,52.0,0
3.6,43.0,0
2.15,33.0,0
3.97,71.0,1
3.54,77.0,1
2.4,31.0,0
2.01,66.0,0
3.63,46.0,0
3.41,75.0,1
3.46,42.0,0
3.54,78.0,1
2.15,57.0,0
2.72,96.0,1
2.23,40.0,0
3.73,54.0,1
3.25,38.0,0
2.66,95.0,1
2.13,91.0,0
2.62,48.0,0
2.65,76.0,0
3.46,87.0,1
3.28,69.0,1
3.77,67.0,1
2.94,47.0,0
2.24,37.0,0
3.43,93.0,1
3.52,93.0,1
3.12,74.0,1
3.54,54.0,1
2.99,54.0,0
3.05,81.0,0
2.86,93.0,1
2.05,92.0,0
2.22,85.0,0
