distance_km,items_count,store_prep_min,partner_rating,partner_age,traffic,weather,vehicle,time_of_day,city,delivery_time_min
3.58,3,2,3.9,44,Low,Rain,Bike,Evening,Mumbai,18.8
2.36,6,4,4.4,36,Medium,Clear,Bike,Night,Mumbai,15.1
2.21,11,9,4.6,43,Medium,Fog,Bike,Evening,Delhi,23.9
2.21,14,9,3.7,37,Medium,Clear,Cycle,Afternoon,Mumbai,29.2
6.51,15,5,4.4,26,Low,Clear,Bike,Afternoon,Bengaluru,27.7
4.2,12,7,4.3,26,High,Fog,Bike,Morning,Bengaluru,29.6
1.86,5,9,4.3,21,Low,Clear,Cycle,Morning,Delhi,16.2
3.68,3,8,4.5,21,Medium,Clear,Scooter,Evening,Bengaluru,22.0
3.05,6,8,4.8,30,Medium,Clear,Scooter,Morning,Mumbai,19.0
0.47,6,5,4.0,40,Low,Rain,Bike,Night,Delhi,13.4
1.19,15,10,4.8,35,High,Clear,Scooter,Evening,Mumbai,25.1
3.2,14,11,3.7,22,High,Clear,Bike,Afternoon,Bengaluru,28.5
6.14,8,7,3.8,35,Medium,Rain,Scooter,Afternoon,Mumbai,32.7
2.22,2,4,3.9,32,Medium,Clear,Bike,Night,Delhi,16.2
1.75,1,6,3.7,37,Low,Rain,Bike,Morning,Mumbai,13.6
2.8,4,6,3.8,27,Medium,Fog,Scooter,Evening,Bengaluru,24.4
1.68,7,6,3.7,39,Low,Clear,Scooter,Evening,Pune,20.0
2.12,15,9,4.7,30,Medium,Clear,Scooter,Night,Delhi,18.6
2.58,11,10,3.7,23,High,Clear,Bike,Morning,Mumbai,24.0
1.14,10,10,4.6,29,Low,Rain,Bike,Evening,Delhi,19.4
4.34,3,7,3.6,38,High,Fog,Scooter,Night,Mumbai,29.5
0.98,3,7,4.9,21,Low,Clear,Scooter,Evening,Pune,9.1
0.89,5,10,4.6,39,High,Clear,Cycle,Afternoon,Bengaluru,27.1
2.96,5,5,3.5,33,Low,Clear,Scooter,Evening,Mumbai,18.3
4.13,13,7,4.6,32,Medium,Clear,Scooter,Evening,Mumbai,26.1
2.91,10,5,4.3,29,Low,Clear,Cycle,Evening,Pune,22.7
2.4,3,2,4.7,38,High,Rain,Bike,Morning,Delhi,18.8
2.1,9,8,4.3,26,Medium,Clear,Bike,Morning,Bengaluru,18.6
1.87,4,11,4.5,22,Low,Rain,Bike,Night,Mumbai,19.3
4.95,13,7,4.7,30,Medium,Clear,Bike,Morning,Mumbai,18.8
3.22,13,10,4.1,26,Medium,Clear,Scooter,Evening,Bengaluru,26.0
1.98,15,8,3.5,24,Medium,Clear,Scooter,Evening,Pune,23.5
1.58,3,8,4.8,33,High,Rain,Scooter,Morning,Delhi,24.1
3.84,11,3,4.1,30,Medium,Clear,Bike,Morning,Bengaluru,24.0
4.88,2,10,4.2,34,Low,Clear,Scooter,Evening,Delhi,23.8
4.62,10,11,3.5,34,Low,Clear,Bike,Evening,Pune,29.8
1.38,13,10,4.2,39,Medium,Rain,Scooter,Afternoon,Pune,23.0
2.09,11,7,5.0,38,Medium,Clear,Bike,Night,Bengaluru,16.4
1.84,9,4,3.9,38,Medium,Clear,Scooter,Morning,Mumbai,15.4
2.29,4,2,4.1,22,Low,Rain,Bike,Night,Pune,16.2
4.32,3,5,4.5,29,Medium,Rain,Bike,Evening,Pune,23.5
5.81,7,4,4.7,31,High,Clear,Scooter,Night,Bengaluru,24.3
3.29,8,2,4.1,27,Low,Rain,Scooter,Morning,Bengaluru,18.1
1.62,11,4,4.0,22,Medium,Clear,Scooter,Morning,Bengaluru,13.7
2.54,14,5,4.9,30,High,Rain,Scooter,Night,Pune,29.7
6.46,2,9,4.5,27,Medium,Fog,Cycle,Morning,Delhi,33.0
2.76,7,10,3.7,31,Low,Clear,Cycle,Afternoon,Pune,21.6
2.11,12,4,3.6,34,Medium,Rain,Scooter,Evening,Bengaluru,25.7
2.23,5,7,4.2,44,High,Clear,Scooter,Evening,Mumbai,22.8
3.28,15,11,3.8,24,Low,Clear,Bike,Morning,Mumbai,20.9
1.42,11,6,3.9,28,Medium,Rain,Scooter,Evening,Bengaluru,23.8
1.81,5,7,4.8,31,Low,Fog,Bike,Afternoon,Mumbai,13.9
4.58,3,5,3.6,25,Medium,Clear,Cycle,Morning,Pune,26.3
3.22,5,11,4.6,44,Medium,Clear,Bike,Afternoon,Delhi,18.4
2.78,12,7,3.9,37,Medium,Clear,Bike,Afternoon,Pune,21.6
4.71,2,8,4.6,42,Low,Fog,Scooter,Evening,Bengaluru,24.0
1.55,4,10,4.6,37,Medium,Rain,Bike,Evening,Pune,19.6
2.06,6,11,3.5,35,Medium,Rain,Bike,Night,Mumbai,23.2
3.16,1,8,4.3,31,Medium,Clear,Scooter,Afternoon,Pune,16.8
3.09,10,7,3.7,31,Medium,Fog,Scooter,Evening,Delhi,25.6
0.82,4,2,4.8,44,Medium,Rain,Scooter,Afternoon,Mumbai,14.9
1.93,6,3,4.8,39,High,Rain,Bike,Night,Delhi,19.9
2.33,9,2,4.1,20,Medium,Clear,Scooter,Afternoon,Delhi,18.3
3.38,14,10,4.2,28,Medium,Clear,Bike,Morning,Delhi,24.8
3.08,11,11,4.0,40,High,Clear,Bike,Night,Pune,30.0
2.47,11,11,4.6,31,Low,Rain,Scooter,Night,Pune,18.0
0.47,13,10,4.0,44,Low,Clear,Scooter,Afternoon,Pune,19.7
2.55,2,8,3.9,27,Medium,Rain,Scooter,Afternoon,Pune,23.0
2.71,11,3,4.1,19,Medium,Clear,Scooter,Evening,Mumbai,20.5
9.83,7,7,3.6,32,High,Rain,Bike,Morning,Pune,40.4
2.27,6,5,4.6,34,High,Clear,Scooter,Night,Mumbai,18.3
3.17,2,2,3.5,38,Medium,Clear,Bike,Night,Delhi,17.1
5.19,8,2,4.5,33,Medium,Clear,Cycle,Night,Mumbai,29.0
4.17,7,6,3.8,19,Medium,Clear,Scooter,Evening,Bengaluru,24.6
5.95,11,3,3.8,35,Low,Clear,Scooter,Morning,Pune,19.1
0.83,5,5,4.5,42,High,Rain,Scooter,Night,Bengaluru,18.9
1.21,12,2,5.0,31,High,Clear,Scooter,Night,Mumbai,17.6
1.72,5,5,4.7,33,Medium,Clear,Scooter,Evening,Pune,15.4
0.71,7,7,3.8,34,Low,Clear,Bike,Afternoon,Bengaluru,13.4
2.72,9,11,3.8,34,Low,Clear,Bike,Night,Pune,22.3
1.29,11,5,4.8,20,Low,Clear,Scooter,Morning,Mumbai,12.6
6.41,15,2,4.2,35,High,Clear,Cycle,Morning,Bengaluru,33.0
1.45,9,8,3.7,29,Low,Clear,Bike,Morning,Mumbai,13.6
2.07,9,3,4.8,26,High,Clear,Bike,Morning,Bengaluru,17.6
4.32,6,10,4.7,38,Medium,Rain,Bike,Evening,Delhi,26.1
0.98,10,4,5.0,21,Medium,Clear,Scooter,Night,Delhi,15.6
0.67,6,9,4.9,30,Medium,Clear,Bike,Evening,Delhi,14.0
2.94,3,9,4.8,38,Medium,Clear,Bike,Morning,Delhi,19.2
3.09,1,4,3.6,34,Medium,Fog,Scooter,Morning,Delhi,18.3
4.24,7,5,3.7,32,High,Rain,Scooter,Morning,Mumbai,30.7
3.64,4,3,4.4,34,Medium,Rain,Bike,Evening,Delhi,19.7
3.16,1,5,4.3,39,Medium,Clear,Bike,Morning,Mumbai,16.8
1.57,15,10,4.2,35,Medium,Rain,Scooter,Night,Delhi,28.6
3.03,8,3,4.1,29,Low,Clear,Scooter,Morning,Pune,11.5
3.15,12,4,4.1,35,Medium,Clear,Cycle,Night,Delhi,24.4
1.53,6,5,4.4,37,High,Rain,Scooter,Night,Pune,24.4
7.48,6,6,3.5,40,Low,Clear,Bike,Morning,Mumbai,24.9
3.53,2,2,3.9,19,Low,Fog,Scooter,Evening,Delhi,17.8
1.23,15,8,4.3,30,Low,Clear,Bike,Afternoon,Bengaluru,14.3
4.25,1,11,4.6,33,Medium,Fog,Bike,Afternoon,Mumbai,24.5
4.7,13,8,3.8,36,Low,Rain,Cycle,Night,Delhi,32.6
3.4,14,10,4.3,41,Medium,Clear,Scooter,Evening,Mumbai,25.3
2.19,14,5,4.6,32,Low,Clear,Bike,Afternoon,Bengaluru,13.0
1.48,2,7,4.2,19,Low,Clear,Bike,Morning,Delhi,12.9
2.47,4,3,3.5,31,Medium,Fog,Bike,Morning,Bengaluru,17.4
3.25,2,5,4.2,33,Low,Clear,Bike,Night,Delhi,9.8
2.62,1,3,3.9,25,High,Rain,Scooter,Evening,Pune,27.9
6.11,7,11,4.9,33,Low,Fog,Bike,Evening,Mumbai,26.9
3.87,11,6,3.7,38,Medium,Clear,Cycle,Afternoon,Bengaluru,27.2
1.36,11,8,4.5,28,Low,Clear,Bike,Afternoon,Mumbai,14.8
1.13,15,2,3.6,32,Medium,Rain,Scooter,Morning,Bengaluru,16.6
3.55,12,11,4.2,24,High,Clear,Cycle,Night,Mumbai,32.9
2.22,8,11,4.3,32,High,Clear,Scooter,Evening,Mumbai,29.6
4.08,6,8,3.9,42,Low,Clear,Bike,Afternoon,Mumbai,21.1
3.53,4,11,4.2,43,Medium,Clear,Bike,Afternoon,Pune,21.0
2.47,14,7,3.7,40,Medium,Rain,Bike,Night,Delhi,26.7
1.37,6,7,4.0,30,Low,Clear,Cycle,Night,Pune,19.9
0.74,3,9,4.4,29,Low,Fog,Cycle,Morning,Mumbai,19.3
3.0,12,9,4.0,43,High,Clear,Cycle,Night,Bengaluru,29.2
0.96,8,7,4.8,38,High,Rain,Scooter,Morning,Mumbai,25.6
1.33,10,4,4.4,40,High,Clear,Bike,Morning,Delhi,16.5
2.88,14,6,4.2,42,High,Clear,Cycle,Night,Pune,30.0
2.7,13,3,3.6,43,Medium,Clear,Cycle,Night,Delhi,23.5
1.06,13,6,4.2,37,Low,Rain,Bike,Night,Bengaluru,18.3
5.02,2,10,4.6,20,Low,Fog,Bike,Night,Delhi,21.0
4.94,5,11,3.9,40,Low,Clear,Scooter,Night,Pune,23.2
3.62,1,2,4.7,38,Medium,Clear,Bike,Morning,Bengaluru,14.1
3.62,6,11,3.9,19,High,Clear,Bike,Afternoon,Delhi,29.2
3.62,2,6,4.7,26,High,Clear,Cycle,Evening,Pune,30.6
4.68,4,7,3.6,43,High,Rain,Cycle,Evening,Pune,39.7
3.93,6,8,4.8,32,High,Rain,Bike,Morning,Mumbai,29.0
1.46,10,10,4.2,27,High,Clear,Bike,Morning,Delhi,25.3
2.2,11,7,3.9,20,Low,Fog,Scooter,Afternoon,Bengaluru,19.0
9.21,8,6,3.9,43,High,Clear,Scooter,Night,Mumbai,36.8
0.5,12,8,4.1,41,Medium,Rain,Bike,Morning,Delhi,18.9
1.85,8,2,5.0,23,Low,Clear,Scooter,Evening,Delhi,12.7
5.04,11,6,3.8,41,High,Clear,Cycle,Night,Bengaluru,30.9
1.53,6,3,3.7,43,High,Clear,Cycle,Morning,Mumbai,22.6
3.99,4,5,4.4,26,Low,Clear,Bike,Night,Mumbai,17.1
2.68,8,8,4.2,34,Low,Rain,Bike,Evening,Bengaluru,21.7
1.61,13,6,4.3,40,Medium,Rain,Cycle,Night,Mumbai,23.3
0.41,8,7,4.5,34,Medium,Clear,Bike,Morning,Pune,12.7
2.94,10,3,3.9,31,High,Rain,Scooter,Morning,Bengaluru,23.2
1.44,14,4,4.9,38,Low,Clear,Bike,Evening,Delhi,15.0
2.4,1,8,4.2,33,Low,Rain,Bike,Afternoon,Bengaluru,17.8
3.6,4,3,3.7,19,Low,Clear,Bike,Afternoon,Pune,15.1
4.45,4,7,4.6,40,Low,Clear,Bike,Night,Bengaluru,15.8
1.85,7,6,4.5,21,Low,Clear,Cycle,Morning,Delhi,19.2
1.61,14,11,4.0,24,High,Clear,Bike,Morning,Delhi,24.4
0.95,14,2,4.4,40,Medium,Rain,Cycle,Evening,Bengaluru,22.9
4.58,11,11,3.8,32,Medium,Clear,Cycle,Evening,Bengaluru,34.5
8.44,7,5,4.2,22,Low,Clear,Bike,Morning,Pune,24.9
4.88,13,3,4.8,36,Low,Clear,Scooter,Evening,Pune,24.9
5.54,11,5,3.7,33,High,Rain,Bike,Afternoon,Delhi,31.7
1.54,15,2,4.1,27,Medium,Rain,Scooter,Afternoon,Mumbai,18.1
3.47,8,3,4.7,36,High,Clear,Scooter,Night,Mumbai,23.2
4.22,11,9,5.0,21,Medium,Clear,Bike,Evening,Mumbai,26.7
0.3,5,7,4.2,28,Low,Rain,Bike,Night,Mumbai,19.1
1.18,7,3,4.3,35,Medium,Clear,Scooter,Evening,Delhi,22.6
6.68,8,7,4.4,25,Low,Clear,Cycle,Evening,Mumbai,27.3
0.8,15,11,4.9,33,High,Clear,Bike,Afternoon,Mumbai,22.1
6.07,9,10,4.8,19,Low,Clear,Scooter,Morning,Bengaluru,21.2
0.8,3,8,3.8,43,Medium,Clear,Bike,Evening,Mumbai,16.1
1.22,3,10,4.2,29,Low,Rain,Scooter,Evening,Bengaluru,25.0
3.5,4,6,4.2,35,Medium,Clear,Bike,Evening,Delhi,18.9
2.73,5,8,4.7,23,High,Rain,Scooter,Morning,Bengaluru,25.7
1.98,10,8,4.4,25,Medium,Clear,Bike,Night,Pune,17.5
6.53,1,4,4.5,37,Medium,Rain,Scooter,Night,Bengaluru,25.5
0.97,15,8,5.0,43,High,Clear,Scooter,Evening,Mumbai,27.3
2.34,15,2,3.6,42,Medium,Clear,Scooter,Evening,Bengaluru,17.9
3.78,7,10,3.8,33,Low,Clear,Scooter,Night,Bengaluru,21.3
3.13,9,11,4.1,21,Low,Clear,Scooter,Night,Delhi,21.1
1.65,8,7,4.0,33,Medium,Clear,Cycle,Afternoon,Delhi,21.8
1.69,15,6,3.5,23,Medium,Rain,Scooter,Evening,Mumbai,25.6
4.41,15,8,3.6,41,Low,Clear,Cycle,Night,Pune,31.4
4.53,5,6,4.5,30,Low,Fog,Scooter,Afternoon,Pune,16.7
3.18,14,11,4.8,38,High,Fog,Scooter,Morning,Bengaluru,30.3
1.39,14,6,4.3,23,Low,Clear,Bike,Evening,Pune,17.1
1.73,4,11,4.3,21,Medium,Fog,Scooter,Night,Delhi,22.4
2.56,12,8,3.9,27,Low,Clear,Bike,Evening,Mumbai,18.0
2.81,7,11,4.7,44,High,Clear,Cycle,Afternoon,Mumbai,31.7
3.69,5,8,4.6,27,Low,Clear,Scooter,Night,Delhi,20.6
2.26,7,4,4.4,25,Medium,Clear,Cycle,Morning,Mumbai,17.7
4.35,12,4,3.8,44,Low,Clear,Bike,Morning,Bengaluru,15.6
4.32,1,11,3.6,20,Medium,Fog,Bike,Afternoon,Mumbai,22.9
5.65,1,4,3.6,41,High,Clear,Cycle,Morning,Pune,30.1
2.64,10,7,4.4,41,Medium,Clear,Bike,Morning,Mumbai,18.0
3.22,14,7,4.7,39,Medium,Rain,Scooter,Morning,Mumbai,24.1
2.38,13,4,4.8,34,Medium,Clear,Cycle,Morning,Delhi,25.0
1.41,3,4,4.2,27,Low,Clear,Scooter,Morning,Delhi,8.9
8.32,14,9,4.7,31,High,Rain,Bike,Morning,Pune,39.6
5.23,11,9,4.9,37,Low,Clear,Cycle,Morning,Delhi,25.4
4.26,2,8,3.9,38,Medium,Clear,Bike,Night,Pune,25.5
2.58,2,11,4.1,35,Low,Clear,Cycle,Morning,Bengaluru,16.2
1.32,7,5,4.9,24,Low,Clear,Bike,Night,Pune,10.3
4.73,12,5,4.0,22,Low,Fog,Scooter,Evening,Mumbai,26.8
2.35,10,4,4.9,19,Medium,Rain,Bike,Afternoon,Pune,19.3
3.4,2,6,5.0,36,Medium,Clear,Scooter,Morning,Bengaluru,13.9
1.73,11,4,4.5,37,Medium,Clear,Bike,Afternoon,Mumbai,15.8
3.06,4,9,4.7,27,Low,Clear,Scooter,Morning,Pune,12.4
1.8,2,8,4.6,31,Low,Fog,Scooter,Night,Delhi,17.4
1.85,6,4,4.5,26,High,Clear,Bike,Morning,Delhi,16.3
3.03,8,10,4.0,41,High,Clear,Scooter,Evening,Delhi,27.3
0.79,10,6,3.6,31,Low,Rain,Scooter,Afternoon,Pune,19.9
0.82,4,10,4.0,33,Medium,Fog,Bike,Afternoon,Pune,16.3
1.53,15,8,4.5,29,Medium,Clear,Bike,Evening,Bengaluru,17.5
2.24,5,8,3.7,30,High,Clear,Bike,Night,Mumbai,20.9
4.43,4,7,3.5,32,High,Clear,Bike,Night,Mumbai,30.6
2.33,3,3,3.7,22,High,Clear,Bike,Evening,Mumbai,18.8
2.57,5,10,4.6,19,High,Rain,Bike,Afternoon,Mumbai,27.5
2.12,14,7,5.0,42,Low,Rain,Scooter,Morning,Pune,20.8
3.21,9,9,5.0,22,High,Rain,Scooter,Night,Pune,27.6
1.4,8,2,4.2,37,Medium,Clear,Bike,Morning,Bengaluru,10.2
2.41,8,6,4.8,27,Low,Clear,Cycle,Afternoon,Mumbai,19.0
3.38,8,2,4.6,28,Medium,Clear,Cycle,Morning,Pune,20.9
3.02,12,11,4.3,22,High,Clear,Bike,Evening,Pune,31.5
2.62,8,9,4.4,38,High,Rain,Bike,Night,Pune,26.4
2.64,7,9,3.7,27,Low,Clear,Cycle,Night,Pune,22.0
3.58,8,2,4.9,31,Medium,Clear,Scooter,Evening,Mumbai,25.1
8.56,11,10,4.0,30,High,Clear,Bike,Evening,Mumbai,35.8
1.47,14,3,4.2,29,Low,Clear,Scooter,Night,Pune,10.1
8.7,8,10,4.5,30,Medium,Clear,Scooter,Night,Delhi,30.8
1.42,13,2,4.0,36,Medium,Rain,Bike,Night,Bengaluru,21.6
0.36,14,11,3.9,30,Medium,Clear,Scooter,Afternoon,Mumbai,18.8
1.78,8,10,4.4,34,Low,Rain,Scooter,Afternoon,Mumbai,19.5
3.25,12,5,3.5,23,Medium,Clear,Scooter,Afternoon,Delhi,19.9
7.52,10,10,4.6,38,High,Clear,Cycle,Morning,Mumbai,40.0
1.31,7,8,4.3,43,Medium,Fog,Bike,Afternoon,Delhi,15.8
3.57,12,7,4.4,30,High,Clear,Scooter,Night,Delhi,25.7
0.9,1,6,4.4,39,Medium,Rain,Bike,Afternoon,Pune,14.2
7.36,4,10,4.3,43,Low,Clear,Bike,Night,Mumbai,20.6
5.29,13,3,4.4,29,Medium,Clear,Bike,Evening,Bengaluru,23.7
1.86,13,3,4.5,27,Low,Rain,Bike,Morning,Delhi,15.6
5.8,4,10,4.6,36,High,Fog,Bike,Morning,Bengaluru,28.8
2.4,5,4,4.6,43,Low,Rain,Bike,Evening,Pune,17.3
5.46,10,9,4.8,21,Medium,Clear,Bike,Night,Mumbai,25.1
2.61,6,10,3.8,38,Medium,Clear,Scooter,Morning,Pune,20.1
2.68,4,9,4.1,35,High,Rain,Bike,Afternoon,Pune,24.7
1.88,15,5,4.9,32,Low,Rain,Scooter,Night,Bengaluru,17.2
3.86,2,2,4.1,19,Low,Clear,Bike,Morning,Bengaluru,12.5
2.82,6,5,3.7,35,Low,Clear,Bike,Evening,Delhi,13.9
3.62,15,10,4.3,43,High,Rain,Bike,Night,Mumbai,32.4
0.72,8,3,3.7,26,Low,Clear,Bike,Morning,Pune,12.4
5.57,15,4,3.8,23,Low,Clear,Scooter,Evening,Delhi,25.3
6.41,8,11,5.0,23,Low,Fog,Bike,Night,Delhi,23.7
2.81,7,9,4.3,27,Medium,Clear,Cycle,Afternoon,Pune,25.0
8.2,6,7,3.9,21,Low,Clear,Cycle,Night,Pune,33.7
7.1,2,9,5.0,37,Low,Rain,Bike,Afternoon,Delhi,25.1
3.91,15,8,4.9,41,Low,Clear,Scooter,Night,Pune,20.7
5.84,7,6,4.2,27,Medium,Rain,Bike,Evening,Pune,28.3
4.95,11,10,3.9,40,Medium,Clear,Scooter,Afternoon,Bengaluru,26.4
0.57,12,5,4.8,36,Medium,Clear,Scooter,Afternoon,Mumbai,13.2
2.15,14,7,4.6,34,High,Clear,Bike,Night,Delhi,24.2
4.08,14,3,4.5,19,High,Fog,Bike,Morning,Pune,29.2
6.67,5,3,4.8,20,Medium,Clear,Bike,Afternoon,Delhi,22.6
0.84,6,3,4.5,32,High,Clear,Bike,Night,Mumbai,12.9
0.6,10,11,3.9,32,Medium,Clear,Scooter,Evening,Delhi,26.0
2.5,8,8,4.5,19,High,Clear,Bike,Night,Delhi,24.1
0.39,14,3,4.0,44,Medium,Clear,Bike,Night,Delhi,15.9
2.45,8,3,4.6,44,Medium,Clear,Scooter,Afternoon,Bengaluru,16.1
3.3,3,10,4.4,43,Medium,Clear,Scooter,Morning,Mumbai,20.4
1.27,12,8,3.6,34,High,Clear,Bike,Evening,Mumbai,23.9
2.49,12,4,4.3,33,Low,Rain,Scooter,Afternoon,Delhi,21.3
4.68,14,4,4.0,44,Low,Rain,Scooter,Afternoon,Delhi,24.0
1.77,7,8,4.0,33,Medium,Clear,Scooter,Afternoon,Mumbai,19.4
1.44,1,6,4.4,30,Low,Clear,Scooter,Evening,Pune,15.1
2.42,1,11,4.0,34,Medium,Rain,Scooter,Morning,Bengaluru,25.2
1.17,7,7,4.7,32,Low,Rain,Bike,Evening,Mumbai,19.7
7.84,15,9,3.6,42,Low,Clear,Scooter,Evening,Delhi,31.1
2.66,15,10,4.5,33,High,Fog,Cycle,Morning,Pune,35.7
1.55,10,2,4.7,41,Medium,Clear,Scooter,Evening,Pune,17.6
3.0,9,4,4.5,33,Medium,Clear,Bike,Night,Pune,18.5
2.41,7,8,4.2,37,Low,Clear,Bike,Evening,Bengaluru,18.3
2.23,10,7,4.9,26,Low,Fog,Cycle,Afternoon,Bengaluru,21.5
1.77,5,8,3.9,20,High,Clear,Bike,Evening,Mumbai,22.1
1.71,8,9,3.5,20,High,Rain,Bike,Afternoon,Mumbai,26.2
0.74,2,7,4.1,28,Medium,Clear,Bike,Evening,Mumbai,17.7
5.84,9,4,3.5,21,High,Clear,Cycle,Afternoon,Mumbai,33.7
3.76,6,3,4.9,41,High,Clear,Bike,Afternoon,Delhi,21.3
3.19,13,8,3.8,35,High,Rain,Bike,Afternoon,Bengaluru,30.5
2.38,9,2,4.7,26,Medium,Clear,Scooter,Morning,Pune,13.3
1.25,2,4,4.7,41,Low,Clear,Bike,Evening,Delhi,6.2
1.48,3,5,3.8,22,Medium,Clear,Cycle,Evening,Mumbai,22.7
0.81,12,2,4.4,32,Medium,Fog,Scooter,Night,Mumbai,18.1
1.62,8,6,3.6,39,Low,Clear,Scooter,Night,Delhi,15.3
1.12,1,11,4.2,28,High,Clear,Cycle,Night,Pune,23.2
6.86,15,4,3.5,19,Low,Clear,Cycle,Evening,Bengaluru,36.0
4.49,10,3,4.9,22,Medium,Fog,Bike,Morning,Bengaluru,20.2
2.74,15,4,5.0,19,Low,Fog,Bike,Afternoon,Pune,17.9
1.36,15,9,3.8,35,Medium,Rain,Scooter,Evening,Bengaluru,25.5
1.16,15,7,3.8,44,Low,Clear,Bike,Morning,Mumbai,11.6
2.28,7,8,4.6,35,High,Clear,Cycle,Morning,Mumbai,26.7
4.6,7,7,3.9,25,Medium,Fog,Cycle,Evening,Mumbai,29.1
0.83,13,7,4.8,41,High,Clear,Bike,Afternoon,Mumbai,20.0
3.73,1,4,4.4,38,High,Clear,Cycle,Morning,Pune,25.0
1.61,9,9,4.0,33,Medium,Clear,Bike,Evening,Bengaluru,18.1
1.83,8,8,4.7,31,High,Fog,Scooter,Afternoon,Bengaluru,21.7
2.69,4,8,4.2,20,Low,Clear,Bike,Night,Delhi,14.0
1.39,10,7,4.9,37,Low,Clear,Cycle,Morning,Pune,15.4
2.2,11,6,4.9,42,Low,Rain,Scooter,Morning,Bengaluru,14.9
1.3,5,11,3.7,31,Low,Clear,Scooter,Evening,Bengaluru,15.9
1.71,2,9,3.5,42,High,Clear,Cycle,Evening,Delhi,28.3
4.18,13,6,5.0,29,Low,Fog,Scooter,Afternoon,Mumbai,25.8
2.78,9,10,4.9,40,Medium,Fog,Bike,Night,Bengaluru,24.9
4.17,15,10,3.6,33,Medium,Rain,Cycle,Night,Mumbai,36.3
1.6,12,2,4.7,28,Medium,Rain,Scooter,Evening,Delhi,23.2
3.74,12,7,4.2,27,Medium,Clear,Cycle,Evening,Bengaluru,31.3
0.65,6,8,3.9,27,High,Fog,Cycle,Afternoon,Mumbai,25.9
2.69,3,4,4.8,38,Low,Clear,Bike,Evening,Pune,14.0
3.9,12,8,3.8,19,Low,Rain,Bike,Afternoon,Mumbai,26.5
0.63,7,8,4.9,35,Medium,Fog,Bike,Afternoon,Mumbai,18.5
1.61,9,3,3.8,30,Medium,Rain,Scooter,Night,Mumbai,22.8
2.68,3,8,4.4,28,Medium,Rain,Bike,Afternoon,Mumbai,19.4
4.81,2,2,3.8,23,High,Rain,Scooter,Night,Pune,30.6
1.71,7,6,4.3,36,Medium,Clear,Bike,Night,Delhi,19.9
3.65,7,10,4.5,33,Medium,Rain,Bike,Night,Mumbai,29.1
6.07,4,8,3.8,24,Low,Clear,Bike,Evening,Mumbai,22.3
3.76,11,8,4.3,25,Medium,Clear,Bike,Night,Bengaluru,20.0
2.26,9,3,4.2,35,Medium,Clear,Scooter,Afternoon,Bengaluru,17.7
3.31,14,9,3.6,24,Low,Clear,Bike,Evening,Pune,25.8
1.67,8,4,4.7,26,Low,Rain,Bike,Afternoon,Pune,15.5
2.76,13,9,4.0,30,High,Fog,Bike,Evening,Pune,29.9
2.33,13,4,4.4,39,Medium,Clear,Scooter,Afternoon,Bengaluru,18.2
3.24,1,11,4.3,32,Low,Clear,Scooter,Morning,Mumbai,19.0
1.94,1,8,4.3,30,Medium,Clear,Bike,Morning,Bengaluru,13.9
3.36,5,3,3.7,41,Low,Fog,Scooter,Morning,Delhi,17.9
1.93,6,5,4.1,28,High,Clear,Bike,Afternoon,Pune,19.2
4.46,3,7,4.2,40,Low,Rain,Bike,Evening,Pune,21.9
2.07,13,10,4.6,38,Medium,Fog,Scooter,Night,Pune,22.2
0.41,9,6,4.8,33,Medium,Clear,Bike,Night,Delhi,14.5
1.19,12,10,4.3,25,High,Fog,Scooter,Afternoon,Mumbai,20.6
2.63,10,6,3.6,44,Low,Fog,Bike,Afternoon,Mumbai,19.9
6.83,14,11,3.9,27,Medium,Fog,Cycle,Afternoon,Mumbai,38.8
4.36,15,9,3.7,28,Medium,Clear,Bike,Afternoon,Pune,28.0
0.32,6,2,3.7,28,Medium,Clear,Scooter,Night,Mumbai,13.8
0.77,4,8,4.0,34,Medium,Fog,Cycle,Evening,Bengaluru,24.1
5.19,12,5,3.8,25,Medium,Clear,Bike,Night,Pune,22.6
3.89,7,6,3.8,23,High,Rain,Scooter,Afternoon,Delhi,27.8
9.03,8,7,3.6,41,Low,Clear,Bike,Morning,Delhi,27.0
1.87,9,6,3.5,21,Low,Clear,Scooter,Night,Mumbai,18.0
1.37,13,2,3.7,36,High,Clear,Bike,Morning,Pune,21.8
2.73,11,10,3.8,29,Low,Clear,Bike,Morning,Bengaluru,18.7
1.84,6,3,4.1,33,High,Clear,Scooter,Afternoon,Bengaluru,18.0
4.9,15,10,4.3,39,Medium,Clear,Bike,Night,Pune,26.4
1.8,6,11,3.7,38,Medium,Clear,Scooter,Evening,Mumbai,21.6
2.15,8,3,4.1,23,Low,Rain,Bike,Night,Delhi,18.9
1.23,12,10,4.0,42,Low,Rain,Bike,Evening,Delhi,21.1
4.18,5,7,3.8,30,Medium,Clear,Scooter,Evening,Bengaluru,24.3
1.29,14,10,3.5,22,High,Clear,Scooter,Afternoon,Bengaluru,28.2
3.4,3,7,4.2,33,High,Clear,Bike,Evening,Bengaluru,23.5
7.52,12,7,4.5,27,Low,Clear,Bike,Night,Delhi,27.7
0.55,3,3,3.8,25,Low,Clear,Bike,Night,Bengaluru,10.4
6.24,13,9,3.7,28,Low,Clear,Bike,Morning,Delhi,25.4
3.13,6,4,4.8,41,High,Clear,Bike,Evening,Delhi,26.2
1.08,2,8,3.9,31,Low,Rain,Bike,Afternoon,Mumbai,19.0
2.8,6,6,3.8,26,Low,Clear,Scooter,Afternoon,Mumbai,16.8
4.1,13,4,4.8,30,Low,Fog,Scooter,Night,Mumbai,19.7
1.44,6,2,4.7,40,Low,Clear,Bike,Evening,Bengaluru,9.3
3.52,8,9,4.2,42,High,Fog,Bike,Afternoon,Delhi,28.5
6.55,7,4,4.2,37,Medium,Clear,Bike,Evening,Bengaluru,24.1
1.8,8,3,3.8,44,Low,Clear,Scooter,Evening,Delhi,15.6
1.21,14,2,3.6,44,Low,Clear,Cycle,Morning,Mumbai,19.8
2.38,9,5,4.4,19,Low,Clear,Scooter,Afternoon,Mumbai,15.0
2.7,6,9,3.6,34,Low,Clear,Scooter,Morning,Bengaluru,17.2
5.05,14,4,4.2,40,Low,Clear,Scooter,Afternoon,Delhi,23.1
2.33,3,2,4.9,35,Medium,Rain,Bike,Evening,Bengaluru,19.5
1.92,10,5,4.9,43,Low,Clear,Bike,Afternoon,Pune,10.2
1.19,3,10,3.9,36,Low,Rain,Scooter,Night,Bengaluru,18.0
0.64,11,2,4.4,29,Medium,Clear,Bike,Evening,Mumbai,18.0
0.92,12,3,4.2,36,High,Fog,Scooter,Afternoon,Delhi,22.1
0.92,1,10,4.8,25,Medium,Clear,Scooter,Morning,Delhi,11.9
2.17,11,3,3.9,36,Medium,Clear,Scooter,Morning,Bengaluru,16.2
0.75,15,4,3.5,44,Medium,Clear,Bike,Evening,Mumbai,14.6
2.51,13,8,3.7,26,Medium,Clear,Scooter,Morning,Pune,17.5
7.42,15,4,4.0,24,Low,Clear,Scooter,Evening,Bengaluru,30.7
5.14,5,10,4.0,25,High,Clear,Scooter,Evening,Delhi,31.8
2.15,14,7,4.7,41,Low,Rain,Scooter,Evening,Mumbai,23.7
10.0,4,4,4.5,40,Medium,Fog,Cycle,Afternoon,Delhi,39.7
2.71,9,10,3.9,28,High,Clear,Bike,Evening,Delhi,27.9
2.97,15,2,4.2,29,Medium,Fog,Bike,Morning,Delhi,21.3
2.35,9,11,3.6,43,High,Fog,Bike,Night,Delhi,29.1
2.54,15,4,4.8,31,Medium,Fog,Bike,Afternoon,Pune,22.9
1.75,14,2,4.9,27,High,Clear,Cycle,Morning,Mumbai,26.1
2.18,5,3,5.0,25,High,Clear,Cycle,Evening,Bengaluru,24.6
6.26,10,9,4.8,27,High,Clear,Bike,Evening,Mumbai,33.0
5.48,4,8,3.8,31,High,Rain,Bike,Night,Mumbai,33.4
0.39,7,3,3.6,44,High,Clear,Bike,Morning,Mumbai,15.1
0.82,15,3,4.4,21,Medium,Clear,Scooter,Afternoon,Bengaluru,14.5
1.45,6,10,4.9,21,Medium,Clear,Bike,Morning,Mumbai,17.4
4.63,4,7,3.8,19,Low,Clear,Bike,Evening,Bengaluru,20.2
5.55,13,6,3.5,39,Medium,Rain,Bike,Afternoon,Bengaluru,29.4
4.09,13,11,4.7,38,High,Clear,Bike,Evening,Pune,32.4
1.07,15,7,3.6,20,Medium,Rain,Cycle,Evening,Delhi,31.4
1.78,10,10,4.1,43,High,Rain,Bike,Morning,Bengaluru,31.1
3.56,2,8,4.5,21,High,Clear,Bike,Night,Delhi,25.7
2.2,1,11,3.9,33,Low,Clear,Bike,Evening,Mumbai,19.1
1.99,4,11,3.6,42,Low,Rain,Scooter,Morning,Delhi,22.3
2.01,4,10,4.7,24,Low,Clear,Scooter,Afternoon,Delhi,14.9
5.23,13,5,4.4,31,Low,Clear,Bike,Night,Delhi,22.4
3.79,1,3,5.0,39,Medium,Clear,Bike,Evening,Mumbai,18.4
2.09,6,9,4.0,19,High,Clear,Scooter,Evening,Mumbai,24.3
3.22,4,5,3.6,38,High,Clear,Bike,Afternoon,Bengaluru,22.1
0.96,1,10,4.6,37,Medium,Clear,Scooter,Morning,Bengaluru,16.2
1.78,1,5,4.3,19,Low,Clear,Bike,Evening,Pune,12.4
4.93,15,9,3.8,39,Low,Clear,Bike,Afternoon,Mumbai,25.3
0.71,13,10,4.7,40,Medium,Rain,Scooter,Evening,Pune,26.1
3.82,1,10,3.8,20,Low,Clear,Scooter,Morning,Mumbai,19.9
0.38,8,11,3.9,33,Low,Rain,Scooter,Night,Delhi,22.9
6.9,10,5,3.6,32,Medium,Clear,Bike,Morning,Pune,25.2
1.75,8,2,4.1,37,Low,Rain,Scooter,Morning,Pune,18.2
3.37,2,4,4.1,29,High,Clear,Scooter,Morning,Pune,21.5
2.81,11,10,4.3,33,Low,Rain,Scooter,Afternoon,Mumbai,25.1
2.87,13,5,4.6,24,Low,Clear,Scooter,Evening,Bengaluru,20.1
3.18,7,6,4.9,38,Low,Rain,Bike,Night,Pune,20.5
0.6,14,8,3.7,27,Low,Clear,Scooter,Afternoon,Bengaluru,14.4
2.91,8,6,3.6,23,Medium,Clear,Scooter,Morning,Mumbai,21.0
2.29,8,5,3.5,38,Medium,Clear,Bike,Night,Pune,15.4
1.76,11,3,3.7,20,Medium,Rain,Scooter,Morning,Mumbai,24.3
1.45,10,3,4.5,24,Medium,Rain,Bike,Morning,Bengaluru,17.7
2.96,15,5,4.6,44,Medium,Clear,Bike,Morning,Bengaluru,20.8
1.23,11,11,4.7,36,Medium,Rain,Cycle,Night,Pune,29.2
4.87,13,11,3.9,41,Low,Rain,Bike,Evening,Bengaluru,30.5
3.53,7,10,4.0,37,Medium,Fog,Bike,Morning,Delhi,22.6
3.08,5,9,4.2,27,High,Rain,Scooter,Evening,Delhi,29.3
4.75,1,4,3.6,39,High,Rain,Cycle,Night,Pune,34.9
0.52,12,10,4.4,42,Medium,Clear,Cycle,Night,Mumbai,24.0
0.93,9,6,5.0,24,Low,Rain,Scooter,Morning,Mumbai,15.8
3.63,13,4,4.0,32,Low,Clear,Bike,Evening,Mumbai,19.3
1.52,7,6,4.6,44,High,Fog,Cycle,Evening,Delhi,29.2
1.66,2,11,4.3,42,Low,Clear,Scooter,Morning,Bengaluru,13.2
0.82,6,5,3.7,31,Low,Clear,Bike,Afternoon,Delhi,9.5
1.23,2,9,4.4,29,Low,Clear,Scooter,Afternoon,Bengaluru,12.3
4.94,15,6,3.9,30,Low,Rain,Bike,Night,Delhi,26.2
3.57,1,11,3.6,37,Low,Fog,Bike,Night,Mumbai,24.6
2.94,14,9,4.5,37,Medium,Clear,Scooter,Afternoon,Mumbai,20.0
1.71,7,10,4.8,39,Medium,Rain,Scooter,Afternoon,Mumbai,22.3
2.82,13,5,4.0,44,High,Rain,Bike,Afternoon,Pune,28.8
5.2,2,8,4.1,37,Low,Rain,Bike,Morning,Pune,26.6
1.55,13,3,4.8,42,Low,Clear,Scooter,Morning,Bengaluru,10.4
2.54,14,7,4.7,44,Medium,Rain,Bike,Morning,Pune,20.2
7.15,14,9,4.6,31,Medium,Clear,Bike,Morning,Delhi,30.4
4.06,2,8,3.9,32,Medium,Rain,Scooter,Morning,Delhi,25.0
1.73,13,8,4.9,42,High,Clear,Cycle,Morning,Bengaluru,25.4
3.86,11,9,3.7,36,Low,Clear,Scooter,Night,Bengaluru,23.2
0.7,5,8,4.4,30,High,Rain,Scooter,Evening,Mumbai,26.8
2.47,14,6,3.5,22,Medium,Clear,Scooter,Night,Pune,23.5
3.86,5,8,4.5,28,Low,Clear,Scooter,Evening,Mumbai,20.9
3.33,7,11,3.9,35,High,Rain,Bike,Night,Pune,33.6
3.83,1,4,4.2,22,Medium,Clear,Cycle,Night,Pune,23.0
4.37,8,6,4.0,30,Low,Clear,Bike,Morning,Bengaluru,17.8
3.5,3,8,3.8,31,Low,Clear,Bike,Morning,Mumbai,17.4
3.44,4,10,4.4,22,Low,Clear,Bike,Evening,Mumbai,17.0
2.98,15,3,4.8,28,Medium,Clear,Scooter,Evening,Pune,22.3
1.12,9,5,4.9,43,Low,Clear,Bike,Morning,Pune,9.0
4.94,4,8,3.8,21,Low,Fog,Bike,Night,Bengaluru,20.5
2.53,10,2,4.6,33,Low,Clear,Scooter,Evening,Delhi,16.2
4.0,12,3,4.5,20,Medium,Clear,Cycle,Afternoon,Mumbai,23.7
4.63,15,10,4.0,43,High,Clear,Scooter,Afternoon,Mumbai,28.5
1.79,5,11,3.5,43,High,Clear,Bike,Afternoon,Bengaluru,21.7
1.91,7,8,4.5,35,Low,Rain,Bike,Evening,Bengaluru,23.3
2.09,4,11,4.9,24,High,Rain,Scooter,Morning,Mumbai,24.5
5.51,14,8,4.4,44,Medium,Clear,Bike,Morning,Mumbai,26.1
1.32,1,7,4.2,26,High,Clear,Scooter,Morning,Pune,15.7
6.08,9,4,4.3,21,Medium,Clear,Bike,Evening,Delhi,30.0
2.96,4,11,3.8,43,Medium,Rain,Cycle,Evening,Mumbai,32.2
3.1,9,4,4.6,36,High,Clear,Scooter,Afternoon,Bengaluru,21.0
4.51,6,3,4.6,40,Low,Clear,Bike,Evening,Pune,19.5
2.75,15,7,3.7,19,Medium,Clear,Cycle,Afternoon,Pune,30.8
4.97,1,5,4.8,34,High,Rain,Bike,Afternoon,Bengaluru,26.2
1.79,12,6,3.9,25,High,Fog,Bike,Morning,Bengaluru,22.0
5.97,3,4,5.0,21,High,Fog,Scooter,Evening,Pune,34.8
1.89,11,7,4.1,41,Medium,Clear,Bike,Morning,Bengaluru,16.9
6.1,2,4,3.8,22,Low,Clear,Bike,Morning,Pune,18.0
1.93,9,9,4.0,27,Low,Clear,Bike,Evening,Bengaluru,13.7
2.13,15,10,4.2,23,Medium,Rain,Bike,Evening,Pune,27.4
1.2,12,5,3.6,37,Medium,Fog,Bike,Night,Mumbai,16.9
1.47,1,10,4.4,33,Low,Clear,Scooter,Afternoon,Mumbai,12.5
2.54,13,8,4.4,26,Low,Clear,Scooter,Night,Bengaluru,14.7
3.04,14,4,4.6,24,Medium,Clear,Bike,Afternoon,Delhi,21.3
4.76,9,8,3.5,36,High,Clear,Bike,Afternoon,Mumbai,25.8
2.24,9,2,4.3,37,High,Clear,Cycle,Afternoon,Pune,20.0
1.08,8,4,3.6,42,High,Clear,Cycle,Morning,Delhi,20.7
3.34,8,7,4.6,33,High,Clear,Scooter,Morning,Pune,25.9
2.91,11,5,3.6,44,Medium,Clear,Scooter,Evening,Pune,21.8
3.57,14,8,4.9,25,High,Rain,Scooter,Afternoon,Mumbai,30.2
1.63,12,4,4.6,28,Medium,Clear,Bike,Afternoon,Bengaluru,16.3
1.77,1,2,4.3,24,High,Clear,Bike,Afternoon,Bengaluru,15.3
1.63,11,10,4.2,32,High,Clear,Bike,Morning,Pune,24.7
5.32,8,7,3.7,35,High,Fog,Scooter,Evening,Mumbai,33.7
6.0,10,9,3.9,27,Medium,Rain,Scooter,Morning,Pune,31.1
1.72,14,4,4.8,37,Low,Clear,Scooter,Night,Delhi,18.9
1.74,3,9,4.9,23,Low,Clear,Bike,Night,Pune,13.0
3.89,11,3,3.5,41,Low,Clear,Scooter,Night,Mumbai,19.6
6.4,7,5,4.4,25,Low,Rain,Scooter,Evening,Pune,27.9
7.24,11,4,4.6,37,Low,Rain,Cycle,Night,Mumbai,27.9
1.66,15,11,4.4,38,Low,Fog,Bike,Evening,Bengaluru,24.1
1.97,1,2,3.6,44,Medium,Clear,Scooter,Morning,Mumbai,16.4
3.14,1,8,3.8,25,Medium,Fog,Bike,Morning,Delhi,22.7
3.24,10,11,3.9,42,Low,Fog,Scooter,Evening,Mumbai,24.6
2.3,13,3,4.7,20,Medium,Fog,Scooter,Morning,Delhi,18.4
1.43,5,5,4.2,43,Medium,Clear,Bike,Morning,Delhi,13.8
2.54,5,10,4.2,41,Medium,Clear,Scooter,Evening,Pune,22.9
7.23,8,7,4.9,34,High,Clear,Bike,Night,Delhi,32.6
1.79,7,9,4.5,31,Low,Clear,Scooter,Evening,Mumbai,17.7
3.02,8,3,4.8,26,Low,Clear,Bike,Afternoon,Bengaluru,12.3
10.0,6,8,4.2,24,Medium,Rain,Scooter,Morning,Mumbai,37.6
1.77,6,7,3.7,24,Low,Rain,Cycle,Evening,Bengaluru,27.0
4.0,2,10,4.9,27,Medium,Fog,Bike,Morning,Delhi,27.6
7.42,6,8,4.2,22,Medium,Clear,Scooter,Night,Pune,28.6
3.79,5,2,3.8,29,Low,Clear,Scooter,Morning,Delhi,15.0
5.09,13,9,4.0,23,Low,Rain,Bike,Evening,Delhi,28.8
4.34,3,11,3.6,43,Low,Clear,Scooter,Night,Bengaluru,22.9
3.6,6,4,4.2,35,Medium,Clear,Scooter,Night,Mumbai,21.6
5.89,8,3,4.8,38,Medium,Fog,Cycle,Night,Pune,29.4
3.92,9,4,4.9,25,Low,Rain,Cycle,Afternoon,Pune,20.5
2.32,1,7,4.9,33,Low,Clear,Scooter,Evening,Pune,16.8
2.87,3,4,3.7,43,Low,Rain,Scooter,Evening,Pune,20.8
3.31,3,11,4.1,33,Low,Rain,Scooter,Night,Mumbai,22.8
1.97,11,6,3.5,32,High,Rain,Scooter,Morning,Pune,25.5
2.95,8,7,4.8,31,Low,Rain,Bike,Night,Bengaluru,20.4
2.68,1,9,4.0,29,Medium,Clear,Bike,Afternoon,Bengaluru,16.7
3.91,5,8,4.4,31,High,Rain,Scooter,Night,Pune,28.9
8.6,3,9,4.6,44,Low,Clear,Scooter,Evening,Pune,27.1
3.07,2,4,4.1,40,Medium,Clear,Scooter,Night,Mumbai,16.1
6.5,15,5,4.0,42,High,Fog,Bike,Morning,Mumbai,34.3
3.83,8,7,4.9,27,High,Clear,Cycle,Evening,Pune,28.1
2.94,3,8,4.9,28,Medium,Rain,Bike,Morning,Mumbai,22.5
1.89,7,10,3.9,22,High,Rain,Scooter,Night,Delhi,26.2
2.96,12,2,4.2,35,High,Fog,Bike,Evening,Pune,26.2
2.84,11,9,5.0,32,Low,Fog,Bike,Afternoon,Mumbai,20.3
1.55,1,9,3.5,42,High,Clear,Scooter,Evening,Bengaluru,25.2
1.73,6,7,4.1,36,Medium,Clear,Cycle,Morning,Pune,22.0
3.32,3,5,3.7,29,Medium,Clear,Bike,Evening,Pune,19.8
6.46,8,4,4.3,34,High,Clear,Bike,Afternoon,Bengaluru,27.9
2.49,6,4,3.5,19,High,Clear,Bike,Afternoon,Bengaluru,22.1
0.79,12,7,4.1,25,Medium,Clear,Bike,Afternoon,Mumbai,16.8
0.33,2,9,3.8,28,Low,Rain,Bike,Afternoon,Bengaluru,14.3
1.18,6,8,4.3,27,Medium,Fog,Scooter,Morning,Delhi,18.8
4.06,7,2,5.0,43,Medium,Rain,Cycle,Evening,Pune,27.6
0.93,5,7,4.7,21,Medium,Rain,Bike,Night,Delhi,16.8
4.47,3,8,4.8,40,High,Clear,Scooter,Afternoon,Mumbai,24.7
3.93,4,8,4.5,41,High,Clear,Bike,Night,Bengaluru,25.6
2.43,4,10,3.6,32,Medium,Clear,Bike,Night,Pune,18.3
1.56,6,11,3.8,44,Low,Rain,Bike,Evening,Bengaluru,24.0
2.2,10,6,4.9,43,Medium,Clear,Scooter,Night,Bengaluru,17.0
3.27,1,2,4.0,33,Medium,Rain,Bike,Night,Mumbai,15.0
0.96,11,3,3.7,20,Medium,Clear,Bike,Morning,Mumbai,14.6
6.07,4,5,4.6,42,Medium,Clear,Bike,Night,Mumbai,17.5
3.25,10,6,3.9,32,Medium,Clear,Bike,Evening,Mumbai,20.2
3.49,13,10,3.9,34,Low,Clear,Bike,Night,Pune,26.4
3.91,4,2,5.0,25,Low,Clear,Cycle,Evening,Delhi,21.8
5.73,10,4,4.8,22,Medium,Rain,Scooter,Afternoon,Delhi,29.6
2.96,1,6,4.1,36,Low,Rain,Cycle,Night,Pune,20.9
4.06,9,4,5.0,42,Low,Clear,Bike,Night,Bengaluru,15.8
1.58,4,5,4.5,23,Low,Rain,Bike,Night,Pune,17.6
7.25,7,4,4.6,24,Medium,Clear,Bike,Afternoon,Delhi,26.4
2.83,12,5,3.5,25,Low,Fog,Bike,Morning,Delhi,20.8
1.57,14,2,3.7,33,High,Clear,Scooter,Night,Pune,25.1
1.89,3,9,4.4,44,Medium,Rain,Bike,Evening,Mumbai,23.8
0.49,10,5,4.8,19,Medium,Clear,Bike,Morning,Bengaluru,9.3
1.88,12,8,4.4,42,Medium,Clear,Scooter,Morning,Pune,19.8
0.3,3,3,3.7,22,Low,Clear,Bike,Morning,Delhi,6.3
4.25,14,3,3.7,43,Medium,Clear,Cycle,Night,Mumbai,24.9
3.43,8,7,4.8,19,High,Clear,Bike,Afternoon,Bengaluru,25.0
1.24,8,3,3.7,29,High,Clear,Scooter,Afternoon,Delhi,21.5
2.52,11,7,4.3,36,High,Fog,Bike,Night,Bengaluru,25.9
2.59,12,3,3.6,32,Medium,Rain,Cycle,Evening,Mumbai,29.8
1.04,1,5,3.6,40,Low,Rain,Bike,Evening,Delhi,11.8
2.23,10,8,4.5,29,Low,Rain,Scooter,Evening,Mumbai,24.8
2.65,2,9,4.5,28,Medium,Fog,Bike,Night,Pune,22.1
2.19,8,4,4.0,35,Medium,Clear,Scooter,Afternoon,Pune,17.7
1.57,1,10,3.8,22,Low,Clear,Bike,Night,Bengaluru,11.7
1.2,15,3,4.7,42,High,Fog,Bike,Afternoon,Mumbai,17.9
2.13,12,9,3.8,33,Medium,Rain,Cycle,Morning,Mumbai,32.6
1.72,8,9,4.3,44,Low,Clear,Cycle,Night,Bengaluru,18.3
3.75,8,5,5.0,34,High,Clear,Bike,Afternoon,Bengaluru,22.7
5.94,2,2,3.7,39,High,Clear,Scooter,Morning,Bengaluru,23.2
4.6,4,2,4.9,31,Medium,Fog,Bike,Morning,Pune,14.2
2.71,6,3,3.8,27,High,Clear,Scooter,Night,Bengaluru,22.7
1.62,12,10,4.4,29,High,Fog,Scooter,Afternoon,Pune,27.9
4.52,11,3,4.1,29,Medium,Fog,Scooter,Morning,Bengaluru,20.2
3.89,9,3,4.9,24,Low,Rain,Cycle,Night,Mumbai,26.6
5.69,15,7,3.9,19,Low,Clear,Scooter,Morning,Mumbai,23.2
2.96,8,8,4.1,40,Medium,Clear,Bike,Evening,Bengaluru,19.8
7.03,12,8,5.0,24,Low,Clear,Scooter,Night,Bengaluru,24.2
2.97,15,10,4.3,31,High,Clear,Bike,Morning,Pune,27.7
1.61,8,7,4.3,40,High,Rain,Scooter,Night,Delhi,22.0
1.84,7,9,3.9,42,High,Clear,Scooter,Night,Pune,21.3
3.64,14,7,4.6,40,High,Clear,Bike,Afternoon,Mumbai,26.6
1.71,13,3,3.5,23,High,Clear,Scooter,Afternoon,Bengaluru,22.5
7.0,9,2,3.6,33,Low,Fog,Scooter,Morning,Mumbai,23.0
3.45,15,6,4.4,36,Low,Clear,Scooter,Night,Delhi,22.5
2.67,2,10,4.0,38,Medium,Fog,Bike,Night,Pune,19.7
2.82,3,9,4.9,32,Medium,Clear,Bike,Evening,Mumbai,19.2
2.17,10,5,4.9,33,Medium,Clear,Scooter,Night,Pune,16.8
0.63,8,6,4.6,44,Medium,Clear,Bike,Afternoon,Bengaluru,12.7
1.84,14,6,4.7,23,High,Clear,Bike,Night,Mumbai,21.5
6.49,6,7,4.5,44,Medium,Rain,Scooter,Afternoon,Delhi,29.8
3.02,10,4,3.7,22,High,Clear,Bike,Evening,Pune,24.4
4.92,9,6,4.6,20,Low,Clear,Scooter,Morning,Pune,18.9
5.01,10,3,3.8,25,Medium,Rain,Scooter,Afternoon,Delhi,29.3
2.53,4,11,4.0,28,Low,Rain,Scooter,Morning,Mumbai,20.4
3.93,8,2,4.7,34,High,Rain,Bike,Morning,Mumbai,25.8
0.69,10,2,4.3,28,Low,Clear,Bike,Morning,Pune,8.4
6.18,3,11,4.8,36,Medium,Clear,Bike,Morning,Delhi,25.4
5.88,3,8,3.8,35,Low,Fog,Scooter,Afternoon,Pune,26.8
3.57,8,3,4.4,39,Low,Fog,Bike,Evening,Pune,17.0
3.09,5,5,3.6,31,Medium,Fog,Cycle,Night,Bengaluru,27.5
2.56,3,6,4.5,19,Medium,Clear,Scooter,Afternoon,Mumbai,16.4
5.27,10,8,4.6,19,Low,Rain,Cycle,Evening,Mumbai,30.5
4.22,11,3,4.4,33,Low,Rain,Bike,Night,Bengaluru,23.0
2.01,1,7,3.9,19,Medium,Clear,Bike,Morning,Mumbai,13.8
1.08,15,2,3.5,24,Medium,Rain,Cycle,Night,Mumbai,25.9
0.92,3,8,3.7,43,Low,Rain,Bike,Night,Mumbai,11.1
5.24,12,10,4.4,44,Medium,Clear,Bike,Evening,Delhi,29.9
2.52,9,6,4.9,31,Low,Clear,Bike,Night,Bengaluru,19.7
3.54,5,6,3.8,19,Medium,Rain,Cycle,Morning,Pune,27.5
2.74,12,5,4.6,23,Low,Clear,Scooter,Afternoon,Delhi,15.7
0.93,10,4,4.8,27,Medium,Clear,Scooter,Afternoon,Pune,13.1
0.71,15,10,4.3,43,Low,Clear,Scooter,Evening,Bengaluru,19.6
1.91,2,6,4.5,35,High,Clear,Bike,Morning,Bengaluru,16.7
2.03,7,9,4.7,34,Low,Fog,Scooter,Morning,Bengaluru,18.3
2.03,15,10,3.9,26,Low,Clear,Bike,Night,Mumbai,22.7
2.07,2,6,3.9,35,Low,Clear,Scooter,Evening,Delhi,17.2
8.26,4,11,3.5,33,High,Fog,Bike,Morning,Bengaluru,37.2
4.88,12,10,4.9,42,Medium,Clear,Bike,Morning,Pune,21.8
3.05,7,3,4.9,19,Medium,Clear,Scooter,Morning,Mumbai,14.8
2.48,4,10,4.6,30,High,Rain,Bike,Afternoon,Mumbai,25.9
2.53,7,5,3.6,23,High,Clear,Scooter,Afternoon,Delhi,20.1
4.12,7,7,4.2,42,Medium,Clear,Bike,Afternoon,Delhi,23.4
2.46,1,7,3.7,24,Low,Rain,Bike,Night,Delhi,19.5
4.58,6,7,3.5,43,High,Rain,Scooter,Night,Mumbai,30.3
3.26,9,3,4.4,19,Low,Rain,Scooter,Night,Bengaluru,16.4
8.31,2,8,4.9,43,Medium,Fog,Bike,Morning,Pune,30.6
2.36,14,7,4.9,19,Medium,Rain,Scooter,Afternoon,Bengaluru,20.5
5.09,3,2,4.5,28,High,Rain,Bike,Morning,Pune,25.7
1.16,10,3,3.6,28,Medium,Fog,Bike,Morning,Bengaluru,15.4
1.65,5,8,3.9,21,Medium,Clear,Bike,Evening,Delhi,20.3
7.66,9,2,4.0,35,High,Clear,Cycle,Morning,Pune,35.8
4.46,4,2,4.6,37,Low,Rain,Scooter,Night,Mumbai,18.3
3.58,1,2,4.7,29,Low,Clear,Bike,Afternoon,Pune,13.4
9.58,4,9,4.1,36,Medium,Clear,Scooter,Afternoon,Mumbai,33.0
2.5,6,5,4.1,20,High,Clear,Scooter,Morning,Bengaluru,20.7
5.08,5,5,3.6,27,Low,Clear,Bike,Night,Delhi,19.8
5.31,14,3,3.9,42,Low,Clear,Scooter,Night,Pune,26.8
6.68,13,2,4.2,35,Low,Rain,Bike,Night,Mumbai,26.4
1.06,1,11,3.7,32,Low,Fog,Scooter,Afternoon,Bengaluru,13.6
2.49,4,10,4.2,22,High,Rain,Scooter,Night,Delhi,27.0
3.23,6,8,4.8,35,Medium,Rain,Bike,Night,Delhi,24.8
6.62,13,5,4.4,35,Medium,Clear,Bike,Morning,Delhi,25.0
3.49,15,7,3.6,30,Medium,Clear,Cycle,Evening,Bengaluru,30.3
5.32,10,3,3.8,38,High,Clear,Scooter,Night,Bengaluru,27.4
0.98,10,8,4.2,36,Low,Rain,Scooter,Morning,Bengaluru,11.8
2.11,14,3,4.0,21,Medium,Clear,Bike,Morning,Delhi,14.7
5.87,4,11,4.0,29,Medium,Clear,Bike,Night,Pune,26.9
2.31,15,9,4.3,43,Low,Rain,Bike,Evening,Mumbai,20.5
2.63,14,9,4.4,36,Medium,Clear,Bike,Afternoon,Bengaluru,18.9
6.56,9,2,4.7,22,Low,Fog,Scooter,Evening,Pune,24.8
1.37,5,9,4.0,35,Low,Rain,Cycle,Night,Mumbai,22.5
1.63,8,3,4.7,36,Low,Clear,Scooter,Evening,Delhi,14.2
0.89,9,7,4.0,23,High,Clear,Bike,Morning,Pune,18.1
6.71,10,2,3.6,32,Low,Rain,Scooter,Morning,Delhi,26.9
4.82,5,6,4.3,28,High,Clear,Cycle,Evening,Mumbai,30.9
4.75,6,8,4.4,33,Low,Clear,Scooter,Afternoon,Bengaluru,20.9
2.07,1,11,4.9,19,High,Clear,Scooter,Evening,Delhi,26.6
0.84,11,2,4.6,34,High,Fog,Cycle,Night,Pune,24.9
0.64,12,3,4.9,29,High,Clear,Scooter,Afternoon,Bengaluru,16.9
5.89,15,8,4.9,41,High,Fog,Bike,Evening,Pune,33.3
3.73,7,7,4.4,38,Low,Rain,Bike,Evening,Mumbai,23.3
4.18,4,4,4.3,24,Low,Clear,Cycle,Afternoon,Mumbai,20.1
3.13,11,11,4.3,42,Medium,Rain,Scooter,Evening,Bengaluru,30.8
1.48,2,3,5.0,40,Low,Clear,Bike,Night,Pune,5.0
2.14,5,11,4.7,34,Low,Clear,Scooter,Morning,Pune,15.0
1.22,12,5,3.7,20,High,Rain,Scooter,Night,Pune,26.8
1.1,3,4,4.7,19,Medium,Rain,Cycle,Evening,Pune,22.7
4.58,6,8,3.8,42,Medium,Clear,Bike,Morning,Mumbai,21.4
0.7,8,9,4.2,42,High,Fog,Scooter,Afternoon,Pune,22.7
1.22,7,3,3.8,27,Medium,Rain,Cycle,Night,Mumbai,20.9
2.22,3,11,4.5,40,Medium,Fog,Bike,Afternoon,Pune,21.4
2.79,8,8,4.8,30,High,Clear,Bike,Morning,Pune,22.4
0.88,2,9,3.9,35,Low,Fog,Cycle,Evening,Delhi,18.6
3.46,10,7,3.6,43,Medium,Clear,Scooter,Morning,Delhi,23.2
3.02,9,7,3.9,33,High,Clear,Scooter,Morning,Pune,22.8
5.83,4,11,4.5,37,High,Rain,Scooter,Afternoon,Mumbai,34.0
2.82,1,2,4.0,40,High,Rain,Bike,Night,Pune,26.3
3.68,8,5,3.9,28,Medium,Clear,Cycle,Morning,Delhi,27.1
1.55,7,2,3.8,44,High,Clear,Bike,Evening,Pune,16.8
1.6,11,5,4.2,30,Low,Clear,Bike,Morning,Delhi,9.6
0.96,13,3,3.9,32,Low,Rain,Bike,Afternoon,Pune,13.7
1.56,5,6,4.6,27,Medium,Clear,Bike,Night,Bengaluru,18.0
2.11,10,11,3.6,31,Medium,Clear,Scooter,Evening,Pune,23.2
5.49,13,10,4.5,21,Low,Clear,Scooter,Afternoon,Mumbai,22.2
1.39,5,11,3.9,39,Medium,Fog,Cycle,Morning,Delhi,27.0
8.53,7,4,4.2,32,Low,Rain,Bike,Morning,Bengaluru,29.4
3.89,5,9,3.9,39,Medium,Rain,Scooter,Night,Delhi,31.8
3.4,8,4,4.6,28,High,Fog,Scooter,Afternoon,Delhi,26.4
2.68,11,7,4.9,34,Medium,Clear,Scooter,Afternoon,Mumbai,19.4
2.35,13,5,4.9,25,Low,Clear,Scooter,Night,Pune,16.3
1.73,6,9,4.4,22,Medium,Clear,Bike,Evening,Mumbai,18.2
0.85,13,7,4.2,38,Medium,Rain,Bike,Afternoon,Pune,23.1
1.42,5,9,4.7,41,Medium,Clear,Bike,Night,Bengaluru,18.9
6.7,9,2,4.5,43,Medium,Clear,Scooter,Afternoon,Mumbai,21.4
3.74,11,7,3.8,29,Medium,Clear,Cycle,Night,Mumbai,29.7
6.67,2,2,4.7,34,High,Clear,Bike,Morning,Delhi,21.9
1.7,1,2,4.1,38,Low,Clear,Bike,Morning,Mumbai,12.6
1.19,8,9,3.8,22,Medium,Fog,Bike,Afternoon,Pune,23.0
2.66,12,8,3.9,40,Medium,Rain,Scooter,Afternoon,Mumbai,23.6
1.46,3,4,3.9,40,Medium,Fog,Bike,Morning,Mumbai,15.3
3.04,14,7,4.3,41,Low,Fog,Bike,Evening,Bengaluru,24.5
0.71,11,10,3.9,35,Low,Clear,Bike,Night,Pune,14.1
0.43,12,8,3.7,31,Low,Clear,Scooter,Evening,Delhi,14.0
3.32,12,4,3.7,29,High,Rain,Scooter,Evening,Pune,31.3
6.81,12,7,4.4,21,Medium,Fog,Scooter,Evening,Bengaluru,33.0
3.41,7,5,4.6,27,Medium,Clear,Bike,Morning,Pune,15.2
3.72,10,4,4.0,24,High,Fog,Scooter,Afternoon,Pune,29.8
2.74,13,10,3.6,40,Low,Clear,Bike,Evening,Mumbai,19.4
2.91,11,11,3.7,39,High,Clear,Bike,Morning,Mumbai,26.0
0.82,8,3,4.9,29,Medium,Rain,Scooter,Night,Pune,17.4
1.51,15,2,4.2,34,Low,Clear,Bike,Afternoon,Pune,13.0
5.45,13,3,4.2,37,High,Clear,Scooter,Night,Delhi,31.1
2.08,13,8,3.6,23,High,Clear,Bike,Evening,Bengaluru,26.0
5.39,6,11,4.6,32,High,Clear,Bike,Afternoon,Mumbai,24.1
2.86,12,2,4.3,35,Low,Rain,Cycle,Evening,Mumbai,24.3
2.95,10,7,3.8,21,High,Fog,Scooter,Afternoon,Mumbai,29.4
2.09,14,8,3.7,22,High,Fog,Scooter,Evening,Mumbai,29.8
4.06,9,10,4.1,34,Medium,Rain,Scooter,Night,Pune,28.9
4.68,7,9,4.8,34,Low,Clear,Scooter,Night,Pune,22.2
1.44,15,7,4.8,39,Low,Clear,Scooter,Evening,Delhi,18.7
0.89,10,4,4.4,44,High,Clear,Scooter,Afternoon,Mumbai,15.0
0.52,5,9,4.6,43,Medium,Clear,Bike,Night,Mumbai,14.5
3.6,8,8,3.7,22,Medium,Clear,Bike,Afternoon,Pune,21.5
3.35,15,4,4.4,37,Low,Rain,Scooter,Afternoon,Delhi,22.2
9.96,2,10,4.5,44,Low,Fog,Bike,Night,Pune,28.8
2.75,7,3,3.8,35,Medium,Clear,Bike,Morning,Mumbai,18.3
2.43,15,4,4.8,31,Medium,Rain,Bike,Morning,Mumbai,20.6
3.1,4,3,3.8,44,High,Clear,Bike,Afternoon,Bengaluru,21.3
3.21,9,2,4.0,40,Medium,Rain,Bike,Night,Bengaluru,25.4
2.3,12,5,4.4,41,High,Rain,Bike,Morning,Bengaluru,25.5
1.48,1,6,4.5,44,Low,Clear,Bike,Evening,Delhi,9.0
2.65,7,7,4.5,42,Low,Clear,Bike,Afternoon,Pune,14.7
2.58,6,6,3.7,19,Medium,Fog,Scooter,Morning,Mumbai,21.9
2.56,8,2,4.8,30,Low,Rain,Bike,Night,Mumbai,16.1
4.33,5,4,4.3,22,Low,Fog,Cycle,Night,Delhi,27.5
2.62,15,2,4.2,29,High,Rain,Scooter,Afternoon,Mumbai,24.9
0.9,1,6,5.0,23,Medium,Fog,Scooter,Night,Mumbai,17.7
1.67,1,6,4.6,20,Low,Clear,Scooter,Evening,Pune,15.0
2.28,9,7,3.7,35,Low,Clear,Bike,Evening,Bengaluru,18.1
2.7,15,9,4.6,26,Low,Clear,Bike,Morning,Bengaluru,18.1
3.65,10,11,3.6,24,High,Clear,Cycle,Night,Delhi,32.0
2.72,6,2,3.5,39,Low,Clear,Bike,Evening,Bengaluru,14.6
0.44,10,5,4.1,27,Low,Rain,Cycle,Afternoon,Bengaluru,20.9
1.0,5,11,5.0,31,Medium,Clear,Scooter,Night,Delhi,16.8
3.81,15,2,3.8,29,Low,Clear,Bike,Morning,Delhi,16.7
2.24,1,10,4.5,34,Low,Fog,Scooter,Afternoon,Bengaluru,19.5
2.87,6,8,3.8,34,Low,Clear,Scooter,Afternoon,Pune,13.8
2.05,6,8,4.6,20,Low,Clear,Bike,Afternoon,Delhi,14.5
1.66,3,6,4.3,28,Low,Rain,Bike,Evening,Mumbai,20.9
2.1,13,8,4.5,30,Low,Rain,Scooter,Afternoon,Delhi,20.4
2.89,8,3,3.8,26,High,Clear,Scooter,Evening,Mumbai,21.8
2.61,14,5,4.6,29,Low,Clear,Bike,Afternoon,Delhi,14.7
4.66,15,8,5.0,28,High,Rain,Bike,Evening,Delhi,31.1
0.76,1,4,4.5,31,High,Clear,Cycle,Night,Bengaluru,20.4
0.86,1,3,4.2,43,Medium,Clear,Scooter,Evening,Bengaluru,13.4
2.22,6,11,4.9,35,Low,Rain,Scooter,Evening,Bengaluru,23.1
3.68,10,3,3.5,25,Low,Clear,Cycle,Night,Pune,22.1
4.18,13,2,4.6,42,Medium,Clear,Bike,Afternoon,Bengaluru,20.0
1.71,1,6,4.8,21,Medium,Clear,Scooter,Night,Bengaluru,15.5
0.3,6,7,3.6,38,Medium,Fog,Scooter,Afternoon,Delhi,15.3
1.75,1,7,4.2,31,Low,Fog,Scooter,Evening,Delhi,17.9
3.36,14,10,3.8,37,High,Clear,Bike,Afternoon,Pune,31.1
2.57,13,5,4.3,25,Low,Clear,Bike,Evening,Mumbai,15.7
3.76,6,2,4.5,27,Medium,Clear,Scooter,Afternoon,Delhi,18.4
5.34,3,7,4.0,37,Medium,Clear,Bike,Evening,Delhi,27.4
2.33,14,6,4.2,31,Low,Clear,Cycle,Evening,Mumbai,20.8
1.89,14,11,3.9,40,Medium,Rain,Bike,Morning,Pune,26.3
1.33,15,7,4.1,26,High,Clear,Bike,Afternoon,Delhi,21.8
0.85,8,4,3.7,40,High,Clear,Bike,Afternoon,Bengaluru,20.0
0.66,13,3,4.8,36,High,Clear,Scooter,Morning,Pune,15.2
1.59,15,7,3.5,41,Medium,Clear,Cycle,Evening,Mumbai,26.6
4.9,6,2,4.8,20,Medium,Clear,Scooter,Evening,Mumbai,18.6
3.99,13,8,4.4,36,Low,Clear,Cycle,Morning,Bengaluru,25.0
1.83,11,8,4.0,36,Medium,Rain,Bike,Morning,Bengaluru,22.7
8.58,13,11,4.6,29,Low,Rain,Bike,Night,Bengaluru,36.3
1.67,1,8,4.3,19,Medium,Clear,Scooter,Evening,Pune,19.0
5.64,15,11,4.2,32,Low,Clear,Cycle,Night,Mumbai,31.4
6.45,5,2,3.7,34,Medium,Clear,Scooter,Afternoon,Bengaluru,21.1
3.5,8,5,4.1,29,Medium,Clear,Scooter,Night,Bengaluru,22.7
1.58,3,8,3.9,19,High,Rain,Bike,Morning,Mumbai,22.9
2.01,12,10,3.5,25,Medium,Clear,Bike,Morning,Delhi,21.2
2.94,6,6,4.0,34,High,Rain,Cycle,Morning,Pune,29.9
0.87,5,3,3.6,32,High,Rain,Bike,Morning,Delhi,23.6
1.23,6,8,3.9,33,Medium,Fog,Bike,Night,Bengaluru,18.1
1.15,10,11,3.6,32,Medium,Fog,Scooter,Night,Pune,22.3
3.67,1,2,3.7,39,Low,Clear,Bike,Night,Delhi,10.7
5.31,7,8,3.8,29,High,Fog,Scooter,Morning,Mumbai,31.5
4.09,9,7,5.0,34,Medium,Rain,Bike,Morning,Bengaluru,27.3
4.79,2,8,3.5,37,High,Rain,Scooter,Evening,Pune,34.0
1.48,10,11,4.5,35,Medium,Clear,Scooter,Evening,Pune,22.3
2.07,15,4,3.7,44,High,Fog,Scooter,Morning,Pune,26.9
2.18,5,4,4.9,24,High,Clear,Scooter,Evening,Pune,21.2
3.49,10,8,3.6,29,Low,Rain,Bike,Afternoon,Bengaluru,25.8
1.62,4,3,4.9,35,Low,Clear,Scooter,Afternoon,Bengaluru,12.6
4.61,6,2,4.4,27,Medium,Rain,Scooter,Morning,Mumbai,21.4
6.34,6,10,3.5,36,Medium,Clear,Scooter,Night,Mumbai,26.9
3.6,11,10,4.8,35,Low,Clear,Bike,Afternoon,Mumbai,20.7
2.01,2,8,4.3,30,High,Clear,Bike,Afternoon,Delhi,20.6
1.38,2,8,3.9,41,Medium,Clear,Bike,Night,Mumbai,13.7
1.16,4,4,4.7,40,High,Clear,Scooter,Evening,Bengaluru,17.5
0.44,1,11,4.9,40,High,Clear,Bike,Night,Delhi,16.6
2.23,9,3,4.2,23,Medium,Rain,Cycle,Evening,Bengaluru,27.0
2.14,14,8,4.0,29,High,Rain,Scooter,Evening,Delhi,33.3
4.44,14,10,4.7,22,Medium,Rain,Scooter,Night,Mumbai,32.6
1.7,13,2,4.5,22,High,Clear,Scooter,Evening,Mumbai,23.3
2.32,7,5,4.8,21,Medium,Clear,Bike,Afternoon,Mumbai,15.0
3.13,12,7,4.5,44,Medium,Clear,Scooter,Morning,Delhi,24.8
3.57,7,8,3.9,42,Medium,Fog,Scooter,Evening,Bengaluru,26.8
4.13,15,11,4.9,41,Medium,Fog,Cycle,Afternoon,Pune,31.7
2.93,3,8,3.7,43,Medium,Clear,Cycle,Night,Bengaluru,21.8
0.92,15,11,3.9,35,Medium,Clear,Bike,Evening,Mumbai,21.4
3.37,11,3,4.3,25,Low,Fog,Bike,Afternoon,Delhi,18.8
1.61,15,5,4.3,44,High,Fog,Scooter,Evening,Delhi,23.6
5.46,12,6,3.5,22,Medium,Fog,Scooter,Night,Mumbai,28.0
2.64,3,2,4.7,41,Medium,Rain,Bike,Morning,Delhi,15.4
3.05,1,2,4.0,31,Medium,Clear,Bike,Evening,Mumbai,15.0
10.0,3,11,4.1,30,High,Clear,Bike,Morning,Bengaluru,35.6
4.17,3,4,4.7,19,High,Clear,Scooter,Evening,Delhi,26.8
3.33,4,11,4.1,39,Medium,Clear,Cycle,Evening,Pune,25.0
2.36,4,4,3.6,37,Low,Clear,Scooter,Night,Delhi,14.8
0.98,3,9,3.8,39,Medium,Clear,Bike,Evening,Mumbai,18.6
2.25,10,10,4.9,38,Medium,Clear,Bike,Afternoon,Pune,18.2
1.37,12,2,3.6,36,High,Clear,Bike,Afternoon,Mumbai,18.7
6.81,8,3,4.0,29,Medium,Clear,Scooter,Morning,Delhi,24.7
3.36,8,11,4.3,38,High,Clear,Scooter,Morning,Pune,27.5
5.34,13,3,4.2,21,Medium,Clear,Bike,Afternoon,Pune,26.1
1.66,13,5,3.5,35,High,Rain,Scooter,Morning,Delhi,23.4
1.45,1,3,4.3,30,Low,Rain,Cycle,Morning,Pune,14.7
3.92,7,8,4.1,28,High,Clear,Cycle,Afternoon,Bengaluru,28.9
1.33,11,10,5.0,26,High,Clear,Bike,Afternoon,Pune,21.4
1.9,2,8,3.7,33,High,Clear,Bike,Afternoon,Pune,19.9
7.0,1,7,4.0,23,Low,Rain,Bike,Night,Bengaluru,28.3
1.96,3,11,4.1,22,Low,Clear,Scooter,Night,Mumbai,15.5
0.81,4,2,4.1,44,Medium,Clear,Cycle,Afternoon,Mumbai,14.1
0.57,13,11,4.5,39,Low,Fog,Bike,Evening,Bengaluru,17.9
0.73,6,10,3.8,38,Low,Clear,Bike,Afternoon,Pune,13.8
5.53,10,6,3.8,37,Low,Clear,Cycle,Night,Delhi,29.4
1.74,14,6,4.6,39,Medium,Clear,Scooter,Morning,Bengaluru,17.3
10.0,5,7,4.3,22,Medium,Clear,Cycle,Evening,Delhi,38.1
6.39,15,10,4.1,33,Low,Clear,Bike,Evening,Mumbai,27.1
8.0,15,9,3.8,35,Low,Fog,Bike,Morning,Bengaluru,34.6
4.86,14,9,3.8,30,Medium,Clear,Bike,Evening,Delhi,25.1
3.79,4,9,3.5,21,Medium,Rain,Bike,Morning,Pune,24.6
1.41,8,2,3.6,28,Low,Clear,Scooter,Night,Bengaluru,14.0
2.59,11,2,4.3,33,Medium,Clear,Bike,Evening,Delhi,17.8
4.03,12,9,4.8,28,High,Clear,Bike,Evening,Bengaluru,27.7
4.68,14,6,3.9,42,High,Clear,Cycle,Morning,Bengaluru,33.4
1.06,4,10,4.0,41,High,Clear,Bike,Morning,Mumbai,17.1
2.27,13,3,3.7,36,High,Clear,Scooter,Night,Mumbai,19.7
2.46,10,10,4.1,19,Medium,Fog,Bike,Morning,Pune,23.0
2.39,12,9,3.6,21,Medium,Clear,Scooter,Morning,Mumbai,19.4
1.18,13,10,4.9,39,Medium,Clear,Bike,Night,Mumbai,18.7
7.44,2,5,4.5,44,Medium,Clear,Scooter,Afternoon,Mumbai,25.5
2.22,15,2,5.0,30,Low,Clear,Bike,Afternoon,Delhi,13.2
1.25,3,2,4.8,19,Medium,Clear,Bike,Morning,Bengaluru,8.9
7.55,6,6,4.2,21,Medium,Clear,Scooter,Night,Mumbai,29.8
6.39,8,3,4.3,21,Low,Clear,Bike,Afternoon,Delhi,19.1
2.86,8,9,3.8,23,High,Clear,Bike,Night,Bengaluru,26.9
1.86,15,11,4.2,37,Low,Rain,Cycle,Morning,Mumbai,24.1
0.68,11,6,4.9,43,Low,Clear,Cycle,Morning,Mumbai,17.3
3.62,15,6,3.6,19,Low,Clear,Bike,Night,Bengaluru,24.5
1.77,9,3,4.8,22,Medium,Rain,Bike,Evening,Delhi,20.1
2.55,7,8,4.0,44,Low,Fog,Bike,Morning,Delhi,20.6
7.15,13,9,4.8,44,High,Rain,Bike,Morning,Pune,40.1
1.67,2,11,4.9,22,Medium,Clear,Cycle,Morning,Bengaluru,19.5
3.52,8,2,4.5,35,Medium,Rain,Scooter,Morning,Pune,21.0
4.2,7,3,4.5,32,Low,Clear,Scooter,Night,Delhi,15.4
5.43,8,11,4.2,36,Medium,Clear,Cycle,Night,Mumbai,30.6
2.43,12,5,4.8,19,High,Fog,Scooter,Night,Pune,25.7
2.26,3,6,4.9,40,Medium,Clear,Scooter,Night,Delhi,12.9
2.22,7,3,4.7,34,Medium,Fog,Bike,Evening,Delhi,20.5
3.3,10,2,4.4,21,High,Rain,Bike,Night,Mumbai,26.0
6.23,13,10,4.4,41,High,Rain,Scooter,Night,Bengaluru,39.6
2.15,9,2,4.8,39,Medium,Rain,Bike,Morning,Delhi,16.6
0.3,3,5,4.3,27,Low,Clear,Bike,Evening,Pune,11.4
4.5,14,3,4.7,41,Medium,Clear,Bike,Morning,Mumbai,20.4
2.72,10,5,4.3,22,Medium,Fog,Bike,Evening,Bengaluru,23.5
3.62,6,9,3.6,39,Medium,Rain,Scooter,Afternoon,Bengaluru,28.8
0.7,2,9,4.1,23,High,Fog,Scooter,Evening,Bengaluru,21.2
1.77,2,10,4.2,29,Medium,Fog,Bike,Evening,Delhi,19.9
4.27,5,6,3.7,39,High,Fog,Bike,Morning,Bengaluru,31.2
0.95,5,8,3.7,44,Low,Rain,Scooter,Evening,Delhi,20.1
3.51,13,4,4.3,27,Low,Clear,Bike,Evening,Mumbai,15.4
2.54,7,11,3.6,44,Low,Clear,Scooter,Morning,Mumbai,15.0
1.51,12,5,4.0,21,High,Rain,Scooter,Afternoon,Bengaluru,25.5
1.42,2,11,4.6,24,High,Clear,Bike,Afternoon,Mumbai,19.1
1.19,11,10,4.9,42,Medium,Clear,Scooter,Afternoon,Pune,16.7
2.71,14,11,4.6,29,Medium,Clear,Scooter,Evening,Pune,28.9
2.92,13,11,5.0,27,Medium,Fog,Bike,Morning,Delhi,22.6
2.0,7,2,4.5,33,High,Fog,Bike,Afternoon,Bengaluru,21.7
1.13,5,3,3.9,41,High,Rain,Cycle,Afternoon,Delhi,26.2
3.45,14,6,4.5,21,Medium,Clear,Bike,Afternoon,Mumbai,20.4
4.55,6,4,4.6,19,Medium,Rain,Scooter,Afternoon,Bengaluru,22.1
3.85,8,3,4.1,38,Low,Rain,Scooter,Morning,Delhi,21.3
8.19,10,2,3.5,40,Medium,Clear,Bike,Afternoon,Bengaluru,23.6
2.29,13,11,4.6,37,Medium,Clear,Bike,Evening,Bengaluru,24.9
5.86,14,4,3.5,32,Low,Clear,Scooter,Evening,Delhi,26.4
1.62,12,2,4.4,35,High,Clear,Bike,Morning,Bengaluru,18.7
1.43,4,2,3.7,40,Medium,Rain,Scooter,Night,Mumbai,18.2
2.82,13,2,4.3,32,High,Clear,Cycle,Afternoon,Pune,23.8
6.66,7,9,4.3,35,Low,Fog,Scooter,Afternoon,Pune,28.7
2.12,6,4,3.5,43,Medium,Clear,Bike,Evening,Bengaluru,19.9
0.7,10,2,4.0,32,Medium,Clear,Cycle,Morning,Pune,15.6
4.49,2,8,4.4,30,Low,Clear,Scooter,Night,Bengaluru,20.6
2.46,15,11,4.8,34,Medium,Clear,Cycle,Evening,Delhi,29.4
3.16,8,4,4.8,19,Low,Clear,Scooter,Night,Mumbai,16.3
1.49,10,9,4.2,31,Low,Clear,Scooter,Morning,Pune,13.4
2.81,9,5,4.6,24,Low,Clear,Scooter,Morning,Delhi,17.0
0.8,5,5,4.0,35,Low,Clear,Bike,Morning,Mumbai,9.7
7.51,10,6,4.0,30,Medium,Rain,Cycle,Evening,Pune,41.3
5.01,4,7,3.8,41,Low,Clear,Bike,Morning,Pune,17.9
2.72,6,8,4.3,37,Medium,Clear,Bike,Evening,Mumbai,22.6
4.42,8,5,4.0,24,High,Rain,Cycle,Evening,Delhi,35.4
1.62,11,9,3.6,25,Medium,Clear,Bike,Afternoon,Delhi,17.8
4.88,15,7,4.5,19,High,Rain,Cycle,Evening,Pune,43.3
2.05,3,2,4.6,19,Medium,Fog,Scooter,Evening,Mumbai,13.1
1.95,10,2,4.0,23,Medium,Clear,Bike,Afternoon,Delhi,21.1
1.25,11,10,3.6,24,Low,Fog,Bike,Night,Mumbai,20.8
3.42,11,11,4.1,34,High,Rain,Scooter,Afternoon,Mumbai,32.0
2.64,1,7,4.2,43,High,Fog,Scooter,Afternoon,Pune,24.6
5.98,4,11,4.5,34,Medium,Rain,Cycle,Morning,Mumbai,35.4
1.14,15,9,4.0,32,Low,Clear,Cycle,Morning,Mumbai,19.5
3.43,4,8,4.5,19,Medium,Fog,Bike,Afternoon,Bengaluru,25.7
5.31,1,7,4.8,31,Medium,Clear,Bike,Morning,Mumbai,22.9
2.96,9,5,3.9,38,Medium,Clear,Cycle,Afternoon,Delhi,29.2
2.02,3,8,5.0,28,Medium,Clear,Scooter,Morning,Pune,12.8
2.91,5,10,4.1,42,Low,Clear,Bike,Evening,Pune,19.6
5.69,6,11,3.9,28,High,Clear,Scooter,Morning,Mumbai,28.2
5.69,8,11,4.1,27,Low,Rain,Cycle,Morning,Mumbai,30.0
2.4,6,8,3.6,31,Low,Fog,Scooter,Evening,Delhi,20.8
5.63,3,2,3.7,21,Medium,Clear,Bike,Afternoon,Bengaluru,20.2
2.56,6,11,4.1,36,Low,Fog,Scooter,Morning,Pune,20.6
4.39,1,10,4.6,38,Low,Fog,Scooter,Morning,Bengaluru,20.5
3.69,4,5,4.9,20,Low,Clear,Cycle,Evening,Delhi,22.8
1.97,6,4,4.5,35,Medium,Clear,Cycle,Evening,Pune,22.0
1.29,7,5,3.7,37,High,Rain,Scooter,Evening,Delhi,29.4
5.4,11,5,4.5,41,High,Rain,Scooter,Night,Mumbai,34.5
6.32,13,11,4.5,31,Medium,Rain,Cycle,Evening,Delhi,38.0
3.38,11,3,4.7,31,Low,Rain,Bike,Afternoon,Mumbai,18.5
2.56,10,2,4.7,19,Medium,Clear,Bike,Morning,Bengaluru,14.1
1.02,3,11,4.8,20,Medium,Clear,Cycle,Morning,Pune,20.2
5.31,9,2,4.1,19,Low,Clear,Bike,Night,Pune,21.0
3.13,12,9,4.5,42,Low,Clear,Bike,Morning,Bengaluru,18.1
2.17,12,3,3.9,23,Low,Rain,Bike,Morning,Mumbai,18.0
4.46,7,11,5.0,42,High,Rain,Bike,Afternoon,Pune,28.9
0.87,14,6,3.8,21,Medium,Clear,Bike,Morning,Delhi,14.9
1.2,1,5,3.5,25,High,Fog,Bike,Afternoon,Mumbai,16.1
1.58,2,9,3.7,42,Low,Clear,Cycle,Night,Pune,20.0
3.62,1,3,4.7,40,Low,Rain,Scooter,Afternoon,Delhi,19.0
2.93,11,11,4.2,31,Medium,Rain,Scooter,Evening,Delhi,26.8
3.89,9,10,4.2,41,Medium,Fog,Bike,Evening,Pune,28.0
5.09,9,8,4.9,36,Low,Rain,Scooter,Night,Bengaluru,25.6
3.98,7,8,4.9,42,Low,Clear,Scooter,Morning,Bengaluru,20.9
7.61,10,2,4.0,39,Low,Fog,Scooter,Afternoon,Pune,25.1
5.09,3,3,3.8,25,Low,Rain,Bike,Evening,Delhi,25.0
2.39,13,5,4.8,19,Low,Clear,Bike,Afternoon,Bengaluru,16.8
1.76,15,5,4.9,23,High,Rain,Scooter,Evening,Bengaluru,27.3
2.44,5,4,4.3,35,Medium,Fog,Scooter,Afternoon,Bengaluru,19.4
4.07,15,8,4.4,26,Medium,Clear,Scooter,Morning,Mumbai,26.0
1.9,4,9,3.9,33,Medium,Clear,Scooter,Night,Bengaluru,16.9
4.14,7,3,4.7,38,Low,Rain,Bike,Morning,Pune,17.3
3.85,14,5,4.4,22,Low,Rain,Scooter,Afternoon,Pune,23.7
1.27,9,4,4.3,20,Medium,Clear,Bike,Evening,Mumbai,20.3
5.03,12,3,3.6,23,Medium,Clear,Scooter,Evening,Mumbai,25.3
3.3,2,7,4.9,19,Low,Clear,Cycle,Night,Pune,19.0
7.39,13,5,4.4,43,High,Rain,Scooter,Morning,Mumbai,39.2
2.57,8,7,3.8,23,Medium,Rain,Bike,Morning,Bengaluru,23.4
2.1,15,3,4.4,24,Low,Clear,Bike,Morning,Delhi,17.3
1.15,9,5,4.5,20,Low,Clear,Scooter,Evening,Delhi,16.4
1.13,10,7,4.3,44,Medium,Clear,Cycle,Night,Delhi,21.2
4.67,14,6,4.6,44,High,Rain,Scooter,Evening,Pune,33.7
6.94,10,4,4.4,19,Low,Clear,Scooter,Morning,Mumbai,21.0
2.42,9,9,4.9,22,Low,Clear,Bike,Afternoon,Delhi,13.0
2.31,14,8,3.6,25,Medium,Clear,Scooter,Evening,Bengaluru,24.9
2.73,10,4,3.7,40,Low,Rain,Scooter,Night,Bengaluru,22.1
5.24,14,7,3.8,44,Medium,Clear,Cycle,Morning,Bengaluru,31.7
1.28,7,5,4.5,19,Medium,Clear,Bike,Afternoon,Mumbai,13.7
3.04,15,6,4.5,19,Low,Fog,Scooter,Evening,Delhi,26.8
4.73,9,6,4.8,26,Low,Clear,Bike,Afternoon,Bengaluru,15.8
3.59,9,8,4.6,38,Medium,Clear,Scooter,Afternoon,Mumbai,18.8
0.3,14,6,4.3,34,Low,Fog,Scooter,Night,Bengaluru,14.3
3.99,3,4,5.0,39,Low,Clear,Bike,Evening,Delhi,15.8
3.61,4,11,3.9,31,High,Clear,Bike,Night,Delhi,24.5
5.86,2,6,4.7,41,Low,Clear,Scooter,Morning,Delhi,21.6
6.61,10,8,4.1,42,Medium,Rain,Scooter,Afternoon,Delhi,31.4
5.68,3,6,4.5,44,Low,Clear,Bike,Night,Delhi,17.8
2.74,11,6,4.6,41,Medium,Rain,Bike,Night,Bengaluru,25.1
0.67,11,10,4.5,36,Low,Clear,Scooter,Morning,Delhi,14.3
2.3,5,4,3.7,38,High,Clear,Cycle,Evening,Bengaluru,28.5
2.68,5,7,4.2,28,Medium,Rain,Bike,Night,Delhi,22.2
6.89,6,2,4.3,30,Low,Fog,Scooter,Afternoon,Bengaluru,24.4
1.5,13,11,4.8,19,Medium,Clear,Bike,Afternoon,Delhi,16.4
0.9,7,6,4.2,28,Medium,Rain,Bike,Afternoon,Bengaluru,17.9
1.91,7,9,4.9,27,Medium,Clear,Bike,Afternoon,Delhi,14.9
1.56,1,6,4.2,21,High,Clear,Cycle,Night,Mumbai,27.1
0.82,14,10,4.3,37,Medium,Clear,Bike,Afternoon,Bengaluru,21.0
2.46,2,7,4.7,44,Low,Rain,Scooter,Night,Mumbai,16.9
2.75,12,9,4.4,27,Medium,Clear,Scooter,Evening,Bengaluru,23.5
0.78,9,11,4.9,28,Low,Clear,Cycle,Afternoon,Bengaluru,18.2
2.09,10,9,4.5,37,High,Clear,Scooter,Evening,Bengaluru,30.1
1.48,2,4,4.3,34,Medium,Clear,Scooter,Night,Pune,14.8
2.81,6,8,3.5,42,Low,Fog,Cycle,Morning,Delhi,22.6
3.0,11,8,4.1,36,Low,Fog,Scooter,Evening,Mumbai,23.7
1.49,11,11,3.9,32,High,Rain,Scooter,Afternoon,Mumbai,26.0
5.0,1,7,4.6,21,High,Clear,Bike,Morning,Bengaluru,23.5
2.64,3,8,3.8,20,Medium,Clear,Bike,Evening,Mumbai,18.1
1.54,2,3,3.8,19,Low,Rain,Scooter,Night,Mumbai,11.6
0.74,3,10,3.8,36,Medium,Fog,Bike,Night,Mumbai,22.7
3.1,5,11,3.7,42,Low,Clear,Bike,Night,Mumbai,19.2
3.61,11,11,4.0,27,Low,Rain,Scooter,Evening,Pune,26.6
1.84,10,2,4.8,31,Low,Fog,Bike,Night,Bengaluru,10.3
2.87,6,2,4.7,20,Low,Fog,Scooter,Evening,Mumbai,16.7
6.61,9,4,4.6,25,Medium,Clear,Bike,Afternoon,Pune,24.1
4.53,12,4,4.7,34,High,Clear,Cycle,Afternoon,Pune,31.5
0.35,11,2,3.9,39,Medium,Clear,Cycle,Evening,Bengaluru,17.4
1.53,15,8,4.8,37,Low,Clear,Cycle,Evening,Delhi,21.1
2.37,15,5,3.7,43,Medium,Clear,Bike,Morning,Delhi,16.8
2.74,10,11,4.0,33,Medium,Clear,Scooter,Night,Delhi,23.1
2.91,12,3,4.4,40,Low,Rain,Cycle,Afternoon,Mumbai,19.6
3.46,12,11,3.7,29,High,Clear,Cycle,Afternoon,Bengaluru,32.0
2.43,13,6,4.6,19,Medium,Clear,Scooter,Morning,Delhi,19.7
2.63,4,7,4.1,39,High,Rain,Bike,Evening,Mumbai,25.1
4.67,7,10,4.7,25,Medium,Rain,Scooter,Evening,Bengaluru,32.4
3.14,6,5,4.2,38,Medium,Rain,Scooter,Morning,Mumbai,23.5
1.06,2,3,3.8,26,Low,Clear,Bike,Night,Delhi,11.2
2.8,10,6,4.6,28,Medium,Rain,Scooter,Evening,Delhi,25.3
2.38,11,4,3.9,23,Low,Clear,Scooter,Evening,Pune,17.4
0.49,11,3,4.2,27,High,Clear,Scooter,Night,Pune,18.9
2.89,11,2,3.6,43,High,Rain,Scooter,Night,Bengaluru,30.0
1.17,15,11,4.4,43,High,Clear,Scooter,Morning,Mumbai,26.3
4.72,15,3,4.5,19,Medium,Clear,Cycle,Morning,Mumbai,22.7
3.43,8,7,4.1,20,High,Clear,Scooter,Morning,Delhi,22.6
1.01,7,9,4.9,37,Low,Clear,Scooter,Evening,Delhi,13.1
4.58,15,4,4.8,32,Medium,Clear,Scooter,Morning,Bengaluru,23.3
5.92,15,10,4.6,38,Medium,Rain,Scooter,Evening,Pune,34.1
2.18,7,10,4.6,28,Medium,Clear,Scooter,Afternoon,Delhi,19.2
2.37,14,3,3.9,27,Medium,Fog,Scooter,Night,Mumbai,25.3
4.31,15,9,4.5,28,Low,Clear,Scooter,Night,Delhi,25.5
5.65,8,11,3.8,24,Low,Clear,Scooter,Afternoon,Pune,28.4
0.63,12,6,3.7,35,High,Clear,Bike,Morning,Mumbai,17.5
1.11,12,5,5.0,43,Medium,Clear,Bike,Evening,Pune,10.8
1.94,13,11,4.4,24,Low,Rain,Bike,Evening,Bengaluru,23.0
2.09,14,6,4.1,22,High,Clear,Cycle,Evening,Bengaluru,27.0
4.23,11,5,3.9,38,High,Clear,Bike,Night,Pune,22.5
5.67,1,9,4.4,21,Low,Rain,Bike,Morning,Mumbai,25.7
5.93,15,5,3.6,41,High,Clear,Bike,Evening,Pune,31.2
0.62,13,11,3.6,37,High,Fog,Scooter,Evening,Delhi,27.2
1.42,1,7,3.5,36,High,Rain,Bike,Evening,Delhi,24.4
1.69,8,3,4.2,44,High,Clear,Scooter,Afternoon,Pune,22.6
1.42,4,6,4.4,42,Medium,Clear,Bike,Evening,Delhi,15.7
3.42,5,7,3.6,22,Medium,Clear,Scooter,Afternoon,Pune,23.0
3.69,8,6,4.6,26,Low,Rain,Cycle,Evening,Delhi,26.8
2.61,5,3,3.8,35,Low,Clear,Cycle,Evening,Pune,16.7
2.45,10,8,4.5,23,Medium,Clear,Bike,Evening,Delhi,18.6
2.0,4,5,5.0,31,Medium,Clear,Scooter,Afternoon,Mumbai,14.7
2.17,12,9,4.5,43,Low,Clear,Scooter,Evening,Mumbai,19.8
6.57,6,8,4.8,19,Medium,Clear,Bike,Morning,Delhi,25.6
4.04,13,8,4.9,31,Low,Rain,Bike,Evening,Pune,26.5
2.05,15,10,4.2,22,High,Clear,Bike,Afternoon,Delhi,27.1
2.42,12,2,4.6,40,Low,Fog,Scooter,Afternoon,Bengaluru,14.7
3.47,5,11,4.8,44,Medium,Rain,Bike,Morning,Bengaluru,27.5
1.01,14,7,4.0,42,Medium,Clear,Scooter,Night,Pune,22.8
2.86,7,7,3.9,32,Low,Clear,Scooter,Morning,Delhi,15.1
3.9,14,7,4.9,21,High,Clear,Scooter,Morning,Delhi,24.3
3.59,10,7,4.6,23,Medium,Rain,Scooter,Afternoon,Mumbai,21.9
1.44,7,11,3.8,25,Low,Clear,Scooter,Evening,Pune,19.2
1.65,13,8,4.2,19,Low,Fog,Scooter,Evening,Bengaluru,22.1
0.44,4,11,4.7,41,Low,Rain,Scooter,Night,Bengaluru,16.0
4.16,12,7,4.3,30,Low,Clear,Bike,Night,Pune,20.7
8.25,13,2,4.5,29,Medium,Rain,Bike,Night,Bengaluru,29.6
1.29,5,4,4.6,42,Medium,Clear,Cycle,Night,Pune,20.0
5.07,13,3,4.4,26,High,Rain,Cycle,Morning,Bengaluru,33.2
7.82,3,7,4.3,43,Medium,Clear,Scooter,Morning,Bengaluru,27.9
1.86,15,9,4.6,24,Low,Clear,Bike,Evening,Pune,19.1
2.42,4,4,4.6,40,Low,Clear,Bike,Morning,Pune,6.6
3.07,15,11,4.4,20,Medium,Fog,Bike,Evening,Bengaluru,29.8
3.52,14,9,4.0,37,Low,Clear,Cycle,Evening,Bengaluru,26.1
3.18,4,9,4.1,38,Low,Fog,Scooter,Evening,Mumbai,22.7
1.97,3,6,5.0,38,High,Clear,Cycle,Evening,Delhi,22.1
3.86,13,9,3.7,42,Low,Clear,Scooter,Afternoon,Pune,21.5
2.0,10,7,3.9,32,High,Clear,Bike,Evening,Pune,25.1
3.32,5,6,4.2,19,Low,Clear,Bike,Morning,Delhi,12.3
2.55,5,10,4.8,28,High,Clear,Bike,Morning,Mumbai,19.4
0.56,11,8,3.7,34,Medium,Clear,Scooter,Morning,Bengaluru,16.9
5.53,7,9,3.9,22,Medium,Rain,Bike,Morning,Bengaluru,28.4
1.68,4,2,3.6,29,Low,Clear,Scooter,Afternoon,Mumbai,12.1
5.86,13,3,4.6,34,High,Clear,Scooter,Night,Mumbai,28.3
4.95,4,9,3.9,38,High,Clear,Bike,Night,Delhi,29.4
3.01,9,10,4.1,19,Medium,Rain,Bike,Evening,Delhi,26.4
3.63,6,5,4.2,34,Medium,Clear,Bike,Evening,Bengaluru,22.0
3.91,15,11,4.8,37,Medium,Clear,Scooter,Morning,Mumbai,22.9
2.27,4,11,4.1,39,Low,Clear,Scooter,Morning,Mumbai,15.0
2.34,2,10,3.7,40,Medium,Rain,Bike,Night,Bengaluru,24.7
3.8,6,5,4.3,27,High,Rain,Cycle,Night,Bengaluru,31.4
2.57,2,11,4.9,27,Medium,Clear,Scooter,Morning,Bengaluru,15.6
1.97,5,11,4.4,27,Low,Clear,Scooter,Evening,Bengaluru,21.9
1.46,6,11,5.0,35,Medium,Fog,Scooter,Afternoon,Bengaluru,20.2
3.39,4,10,4.8,30,Medium,Fog,Scooter,Afternoon,Delhi,24.2
1.64,14,8,3.6,43,Low,Rain,Scooter,Night,Bengaluru,17.9
4.44,13,3,4.5,31,Low,Fog,Bike,Night,Mumbai,23.5
4.67,3,10,3.9,26,Low,Rain,Bike,Night,Pune,30.2
3.62,7,5,4.3,34,High,Rain,Scooter,Afternoon,Delhi,30.4
4.1,2,9,3.9,36,Low,Clear,Scooter,Afternoon,Mumbai,22.1
3.62,13,8,4.0,19,Medium,Clear,Scooter,Morning,Pune,22.1
4.29,11,8,4.9,19,Medium,Clear,Cycle,Evening,Delhi,29.8
4.17,14,9,3.8,30,High,Rain,Cycle,Night,Bengaluru,39.7
3.27,6,2,4.8,24,High,Fog,Bike,Morning,Delhi,19.4
4.99,13,6,3.5,27,Low,Rain,Bike,Afternoon,Bengaluru,26.0
2.32,4,3,3.6,41,Low,Clear,Bike,Morning,Bengaluru,9.2
1.49,6,3,4.8,23,High,Clear,Scooter,Afternoon,Bengaluru,16.6
1.44,4,2,4.4,34,Low,Clear,Bike,Evening,Pune,12.4
2.09,4,6,4.6,36,Low,Clear,Bike,Afternoon,Delhi,8.5
0.48,15,3,3.8,35,High,Rain,Bike,Morning,Bengaluru,23.5
3.0,4,5,4.3,36,High,Fog,Bike,Evening,Mumbai,22.1
3.95,9,4,4.6,19,Medium,Clear,Bike,Afternoon,Delhi,19.2
4.63,7,4,4.4,37,Low,Clear,Bike,Night,Mumbai,17.9
0.67,3,3,4.2,40,Medium,Rain,Scooter,Afternoon,Pune,16.9
1.47,3,7,4.9,26,Low,Clear,Bike,Evening,Pune,12.3
4.36,6,3,4.5,21,High,Fog,Bike,Morning,Delhi,22.0
2.27,6,9,4.9,44,High,Clear,Scooter,Evening,Pune,24.8
3.89,4,9,4.6,43,High,Clear,Scooter,Morning,Pune,28.8
0.97,15,6,4.6,44,Low,Clear,Bike,Afternoon,Delhi,13.1
5.82,15,11,3.6,23,Medium,Clear,Bike,Afternoon,Mumbai,28.6
0.91,9,8,4.0,41,Low,Clear,Scooter,Evening,Bengaluru,15.4
2.94,4,5,4.8,26,Low,Clear,Bike,Night,Delhi,13.7
2.99,9,2,3.8,37,High,Clear,Bike,Afternoon,Delhi,20.6
1.82,4,3,3.7,36,Low,Clear,Bike,Night,Bengaluru,10.8
3.54,2,11,4.0,36,Medium,Clear,Bike,Night,Mumbai,24.4
3.6,2,11,3.8,39,Medium,Clear,Scooter,Evening,Bengaluru,25.7
3.36,5,5,4.9,19,High,Clear,Cycle,Afternoon,Bengaluru,25.6
1.8,4,2,4.8,33,High,Rain,Scooter,Night,Mumbai,21.1
1.56,7,9,4.2,36,High,Fog,Scooter,Afternoon,Mumbai,25.2
1.94,14,10,3.6,43,Medium,Clear,Bike,Morning,Bengaluru,21.8
1.4,11,5,4.6,25,Low,Clear,Scooter,Night,Bengaluru,16.3
5.13,5,11,4.4,34,Medium,Clear,Bike,Evening,Delhi,25.9
2.06,6,4,5.0,34,Medium,Clear,Bike,Evening,Mumbai,13.8
2.88,10,3,4.3,33,Medium,Rain,Scooter,Night,Pune,21.5
4.35,4,6,4.0,24,Medium,Rain,Cycle,Afternoon,Mumbai,27.7
1.35,13,4,4.3,27,Medium,Rain,Bike,Morning,Bengaluru,15.5
0.87,12,11,5.0,25,Low,Clear,Scooter,Morning,Bengaluru,17.3
1.4,2,8,4.5,32,Low,Clear,Bike,Evening,Bengaluru,15.2
3.09,13,7,4.5,29,Medium,Fog,Bike,Evening,Bengaluru,20.5
2.96,10,2,3.9,39,Medium,Clear,Bike,Afternoon,Pune,17.7
3.35,9,9,4.6,34,Medium,Clear,Scooter,Evening,Mumbai,23.1
2.42,10,3,4.6,43,Medium,Fog,Scooter,Afternoon,Pune,18.2
0.3,15,6,4.0,24,Low,Rain,Scooter,Night,Pune,13.2
2.37,7,10,4.2,40,High,Rain,Bike,Morning,Bengaluru,26.5
4.71,4,9,3.9,34,High,Clear,Bike,Night,Pune,27.8
5.45,3,3,3.9,38,Medium,Clear,Scooter,Evening,Bengaluru,21.4
2.76,10,10,3.5,34,Medium,Clear,Bike,Morning,Bengaluru,24.5
2.96,14,6,3.9,30,Medium,Rain,Bike,Morning,Bengaluru,25.5
3.85,15,11,4.3,35,Medium,Clear,Cycle,Night,Pune,28.7
5.36,3,7,3.5,23,High,Rain,Scooter,Afternoon,Bengaluru,34.6
2.6,9,4,3.9,43,Medium,Rain,Bike,Morning,Pune,19.5
3.81,5,4,4.8,31,Medium,Clear,Bike,Afternoon,Mumbai,19.4
1.74,13,11,4.4,26,Medium,Clear,Bike,Night,Bengaluru,18.0
0.98,15,9,4.4,42,Medium,Clear,Scooter,Night,Delhi,20.1
1.88,3,11,4.1,23,Medium,Rain,Scooter,Afternoon,Delhi,20.7
6.1,15,11,4.5,30,Medium,Rain,Scooter,Night,Delhi,33.4
3.86,5,3,3.8,27,Medium,Rain,Bike,Morning,Delhi,17.5
1.06,2,3,4.7,21,Low,Clear,Bike,Night,Delhi,5.5
3.97,11,6,3.7,21,High,Clear,Cycle,Night,Pune,29.3
1.13,4,7,4.5,19,High,Rain,Cycle,Morning,Mumbai,23.2
3.32,10,3,4.0,43,Medium,Clear,Scooter,Afternoon,Pune,19.8
1.31,2,6,4.6,40,Medium,Rain,Bike,Night,Bengaluru,13.9
1.01,2,8,4.3,36,Low,Rain,Scooter,Afternoon,Mumbai,16.6
6.71,12,11,4.2,42,Low,Clear,Cycle,Morning,Mumbai,33.3
2.06,8,11,3.8,30,Low,Clear,Scooter,Afternoon,Mumbai,16.6
3.82,1,9,4.5,27,Medium,Clear,Scooter,Afternoon,Mumbai,20.4
2.67,14,8,5.0,27,High,Clear,Bike,Evening,Delhi,25.2
1.2,7,9,4.7,36,Medium,Rain,Bike,Evening,Bengaluru,21.0
2.22,5,10,3.6,36,Medium,Rain,Bike,Night,Mumbai,18.9
1.21,15,6,4.1,25,Medium,Fog,Cycle,Evening,Mumbai,24.6
9.61,11,6,4.9,22,Low,Rain,Scooter,Evening,Delhi,38.7
4.25,8,11,4.3,31,Low,Clear,Scooter,Evening,Pune,24.7
2.64,1,5,4.5,35,High,Clear,Bike,Afternoon,Pune,18.3
3.69,11,10,4.9,42,High,Rain,Cycle,Afternoon,Pune,31.3
4.08,7,6,4.8,20,Medium,Clear,Scooter,Evening,Bengaluru,23.8
4.09,5,3,4.3,32,Medium,Rain,Bike,Morning,Pune,19.2
3.98,4,11,4.2,21,High,Rain,Cycle,Evening,Mumbai,35.0
3.79,7,9,4.0,23,Low,Clear,Bike,Morning,Delhi,15.8
2.78,10,8,4.6,32,High,Clear,Bike,Afternoon,Delhi,24.5
6.41,15,9,3.9,21,Medium,Clear,Bike,Morning,Pune,28.7
2.9,2,4,3.9,41,Medium,Fog,Cycle,Afternoon,Delhi,25.2
2.69,12,5,4.0,25,Low,Clear,Cycle,Morning,Mumbai,22.2
2.92,15,6,3.8,36,Medium,Fog,Bike,Afternoon,Pune,22.3
3.06,1,7,4.5,31,High,Clear,Scooter,Afternoon,Mumbai,21.8
0.67,1,2,4.4,41,Low,Fog,Scooter,Evening,Bengaluru,11.1
1.39,11,5,4.2,40,Medium,Clear,Scooter,Night,Mumbai,14.6
2.42,12,11,4.1,28,Low,Clear,Bike,Night,Mumbai,17.0
0.64,1,6,4.9,43,High,Rain,Scooter,Afternoon,Mumbai,19.5
2.64,15,8,3.5,31,Medium,Fog,Scooter,Evening,Mumbai,27.7
3.03,12,6,4.7,34,High,Clear,Bike,Night,Bengaluru,23.6
0.95,5,2,4.9,27,Medium,Rain,Bike,Night,Pune,14.6
1.66,10,8,4.2,20,Low,Fog,Scooter,Evening,Mumbai,18.7
5.58,7,9,4.3,41,Low,Clear,Bike,Evening,Pune,28.5
3.71,2,8,4.9,23,Low,Clear,Cycle,Night,Delhi,21.4
3.58,10,5,3.8,40,Low,Fog,Bike,Night,Mumbai,19.3
5.18,8,9,4.3,35,Medium,Clear,Cycle,Morning,Mumbai,29.5
1.41,4,6,4.2,41,Low,Clear,Bike,Morning,Delhi,8.6
0.95,12,11,3.9,40,Medium,Rain,Bike,Afternoon,Pune,23.3
4.76,3,10,4.7,22,Medium,Clear,Bike,Night,Bengaluru,23.7
2.47,10,11,4.8,35,Medium,Clear,Scooter,Evening,Mumbai,24.4
1.39,11,6,4.7,27,Medium,Fog,Scooter,Evening,Delhi,18.6
0.67,8,2,3.8,38,Medium,Clear,Bike,Night,Delhi,18.8
2.94,2,10,3.6,20,High,Rain,Bike,Afternoon,Mumbai,30.4
2.28,11,6,4.4,42,Low,Rain,Scooter,Evening,Pune,25.9
2.02,11,7,3.6,36,Medium,Clear,Scooter,Night,Pune,20.1
0.32,13,5,4.5,39,Medium,Clear,Scooter,Night,Mumbai,15.8
6.36,3,7,4.3,40,Medium,Clear,Bike,Afternoon,Delhi,24.4
0.81,12,9,4.5,29,Medium,Clear,Scooter,Night,Mumbai,17.3
2.16,3,4,4.4,31,Medium,Rain,Scooter,Evening,Bengaluru,22.5
1.91,10,6,4.1,26,Medium,Rain,Cycle,Morning,Bengaluru,23.5
3.78,11,3,3.8,19,Medium,Clear,Scooter,Afternoon,Pune,22.4
0.68,1,3,4.0,35,High,Clear,Bike,Night,Bengaluru,14.0
3.5,6,8,4.3,30,High,Clear,Bike,Afternoon,Delhi,24.9
2.95,2,11,4.5,22,Low,Clear,Scooter,Night,Bengaluru,20.8
1.6,1,11,4.7,39,Low,Clear,Scooter,Morning,Mumbai,12.8
3.43,2,11,4.7,31,High,Clear,Cycle,Afternoon,Delhi,30.6
2.63,12,7,5.0,27,High,Rain,Scooter,Night,Pune,27.0
7.27,6,5,3.9,25,Low,Clear,Scooter,Morning,Pune,21.1
2.28,14,6,3.6,41,Medium,Clear,Bike,Evening,Bengaluru,25.3
1.25,4,2,4.0,42,High,Rain,Bike,Night,Pune,21.9
3.53,6,8,4.6,23,Medium,Clear,Bike,Morning,Mumbai,18.5
2.09,12,9,4.2,23,Low,Clear,Bike,Morning,Delhi,17.3
2.6,9,10,4.7,35,Medium,Clear,Scooter,Afternoon,Mumbai,18.8
0.96,13,9,4.3,27,High,Clear,Bike,Night,Mumbai,23.2
3.82,10,6,4.9,24,High,Clear,Bike,Evening,Mumbai,26.3
1.85,12,4,4.9,43,Medium,Fog,Bike,Night,Mumbai,19.7
3.1,10,11,3.6,37,Medium,Clear,Bike,Morning,Delhi,25.7
8.35,8,10,4.2,34,Low,Fog,Bike,Evening,Delhi,36.2
2.19,1,7,4.4,39,High,Clear,Scooter,Morning,Mumbai,16.5
4.15,13,6,3.9,20,Low,Clear,Bike,Afternoon,Mumbai,16.0
2.29,8,4,4.1,28,High,Clear,Scooter,Night,Pune,22.2
1.61,9,7,4.5,34,Medium,Clear,Scooter,Morning,Pune,16.7
5.7,6,4,3.8,23,High,Clear,Cycle,Morning,Delhi,28.6
0.5,10,11,4.4,33,Low,Clear,Bike,Night,Pune,12.6
4.82,15,7,4.5,31,Medium,Clear,Bike,Evening,Delhi,25.0
0.44,5,5,3.6,31,Low,Clear,Bike,Morning,Delhi,11.7
4.52,6,3,4.2,31,Medium,Clear,Scooter,Night,Bengaluru,19.9
2.63,13,9,3.9,33,High,Clear,Cycle,Afternoon,Delhi,27.7
1.25,6,5,4.6,32,Medium,Clear,Scooter,Afternoon,Pune,14.3
1.95,9,10,3.8,26,Medium,Rain,Scooter,Night,Bengaluru,25.4
4.01,4,8,4.8,29,Low,Fog,Bike,Morning,Pune,16.3
7.89,2,3,4.1,36,High,Clear,Scooter,Night,Delhi,31.7
0.7,11,5,3.8,42,Medium,Clear,Bike,Night,Delhi,17.8
1.31,11,6,4.2,22,Medium,Clear,Scooter,Morning,Mumbai,15.5
0.89,9,4,4.1,44,High,Fog,Scooter,Evening,Delhi,20.2
2.28,2,10,4.1,28,Medium,Clear,Bike,Evening,Bengaluru,19.5
4.59,10,6,4.4,19,Medium,Rain,Bike,Afternoon,Delhi,26.8
0.79,9,3,4.3,23,Medium,Clear,Scooter,Evening,Mumbai,11.3
2.58,2,4,3.7,31,Medium,Clear,Bike,Night,Delhi,17.1
4.5,12,10,3.6,19,High,Clear,Bike,Morning,Delhi,28.5
1.93,8,8,4.6,41,High,Clear,Bike,Afternoon,Delhi,21.2
2.97,9,3,4.3,26,Low,Fog,Bike,Evening,Mumbai,17.9
5.45,12,10,4.0,21,Medium,Clear,Scooter,Night,Pune,27.5
1.13,10,5,4.7,21,Low,Clear,Scooter,Afternoon,Delhi,12.0
0.55,9,10,4.1,25,Low,Clear,Scooter,Morning,Bengaluru,12.6
3.21,10,3,4.7,22,Medium,Rain,Bike,Evening,Mumbai,22.5
3.26,9,11,4.0,21,High,Clear,Scooter,Night,Bengaluru,26.6
1.83,2,5,3.6,33,Low,Clear,Cycle,Morning,Delhi,16.9
1.58,4,6,4.9,26,Medium,Clear,Bike,Night,Mumbai,16.6
2.66,7,3,4.1,21,High,Clear,Bike,Night,Delhi,18.8
1.11,12,11,4.7,25,High,Rain,Cycle,Night,Bengaluru,31.6
1.12,2,2,3.9,36,Medium,Clear,Bike,Morning,Mumbai,8.0
3.99,1,8,4.5,29,High,Clear,Bike,Afternoon,Pune,24.1
1.05,3,11,4.8,29,Medium,Clear,Bike,Night,Pune,16.3
0.59,12,2,3.6,35,Low,Fog,Bike,Afternoon,Pune,11.9
1.58,4,9,4.7,24,Low,Clear,Bike,Afternoon,Delhi,12.5
1.86,8,4,4.4,26,Low,Clear,Bike,Evening,Mumbai,15.7
3.5,6,11,4.4,19,Medium,Fog,Scooter,Evening,Bengaluru,24.1
1.68,11,7,4.3,28,High,Clear,Bike,Afternoon,Bengaluru,18.8
6.01,2,8,4.8,43,High,Fog,Scooter,Evening,Delhi,33.9
2.75,15,11,3.6,37,Medium,Clear,Bike,Evening,Delhi,26.3
1.42,9,2,3.9,21,Medium,Clear,Cycle,Afternoon,Bengaluru,18.7
3.41,14,7,4.8,22,Low,Rain,Cycle,Morning,Mumbai,27.9
5.94,2,8,4.6,29,Medium,Fog,Scooter,Evening,Delhi,30.3
3.93,13,7,3.5,33,High,Clear,Cycle,Evening,Mumbai,38.1
0.75,15,5,4.3,19,Low,Fog,Scooter,Morning,Bengaluru,16.8
1.98,12,2,4.3,27,Low,Clear,Cycle,Morning,Mumbai,17.4
3.07,5,10,4.1,29,Medium,Rain,Bike,Morning,Pune,23.4
3.83,12,5,3.9,37,Medium,Clear,Bike,Afternoon,Bengaluru,21.1
2.29,4,8,4.5,31,Medium,Clear,Scooter,Morning,Pune,16.8
2.07,13,8,3.8,44,Medium,Fog,Bike,Afternoon,Bengaluru,23.1
7.23,7,3,4.7,34,Medium,Fog,Scooter,Night,Pune,25.9
3.96,8,2,4.7,22,Low,Clear,Cycle,Night,Mumbai,20.5
3.42,5,9,4.1,19,Medium,Clear,Bike,Morning,Bengaluru,19.1
1.73,10,9,3.9,38,Medium,Clear,Scooter,Morning,Bengaluru,19.7
1.1,14,8,3.9,31,High,Clear,Bike,Night,Pune,21.7
3.46,14,9,4.2,19,High,Clear,Bike,Afternoon,Mumbai,25.9
4.23,5,4,4.6,23,High,Clear,Scooter,Afternoon,Bengaluru,23.9
2.59,2,3,4.0,23,Medium,Clear,Bike,Morning,Delhi,14.5
3.97,8,8,4.4,32,Medium,Rain,Scooter,Morning,Pune,24.3
4.03,14,9,4.1,41,Medium,Clear,Scooter,Morning,Bengaluru,27.1
4.41,2,2,4.0,32,High,Clear,Bike,Night,Mumbai,24.7
0.73,10,11,3.5,26,Low,Clear,Scooter,Evening,Mumbai,15.6
2.02,12,10,3.5,22,Medium,Rain,Scooter,Morning,Mumbai,23.8
3.59,6,5,3.8,25,Medium,Clear,Bike,Afternoon,Mumbai,19.5
2.69,8,5,4.1,38,Medium,Clear,Bike,Evening,Pune,20.4
4.04,6,4,4.8,37,Low,Rain,Cycle,Afternoon,Bengaluru,28.3
3.42,4,7,4.7,33,Medium,Rain,Scooter,Evening,Pune,25.5
0.35,13,2,3.9,40,High,Rain,Bike,Night,Pune,21.2
5.06,4,7,3.9,22,Medium,Fog,Bike,Evening,Mumbai,24.9
1.84,6,3,3.8,37,High,Rain,Scooter,Afternoon,Delhi,20.4
1.35,14,10,4.0,27,Medium,Rain,Scooter,Evening,Mumbai,26.6
4.96,15,3,4.2,39,High,Clear,Bike,Night,Delhi,31.5
3.85,13,8,4.2,31,Medium,Clear,Scooter,Afternoon,Pune,23.7
5.38,4,2,3.8,32,Medium,Clear,Scooter,Morning,Mumbai,18.9
3.09,8,8,3.7,41,Low,Clear,Scooter,Evening,Mumbai,21.7
2.0,9,6,3.5,32,Low,Clear,Bike,Afternoon,Pune,11.0
2.86,1,9,3.7,40,Medium,Clear,Scooter,Evening,Mumbai,22.0
1.17,13,5,4.6,28,Medium,Rain,Bike,Night,Bengaluru,21.5
0.87,4,11,3.9,34,Medium,Clear,Cycle,Afternoon,Delhi,19.8
1.64,4,8,4.2,23,Low,Clear,Scooter,Morning,Delhi,15.7
6.36,2,7,4.4,41,High,Fog,Scooter,Morning,Delhi,31.7
1.76,6,6,4.8,24,High,Clear,Scooter,Evening,Mumbai,24.5
0.6,3,5,4.8,44,Low,Clear,Bike,Night,Bengaluru,5.6
2.33,7,8,4.6,20,Medium,Clear,Cycle,Night,Mumbai,22.8
1.75,13,6,3.6,31,High,Fog,Bike,Evening,Delhi,28.9
5.12,11,6,4.4,31,Medium,Clear,Scooter,Afternoon,Mumbai,21.5
6.09,11,2,4.7,37,Low,Rain,Bike,Afternoon,Delhi,25.5
1.94,5,3,3.5,36,Medium,Clear,Bike,Evening,Pune,16.6
3.09,4,6,4.3,37,Low,Clear,Scooter,Afternoon,Delhi,17.4
3.26,5,4,4.8,19,Low,Clear,Scooter,Afternoon,Pune,14.7
2.52,8,3,4.2,26,Low,Rain,Scooter,Afternoon,Pune,20.8
2.21,3,5,3.5,40,Medium,Rain,Scooter,Evening,Pune,20.5
1.29,14,5,3.5,34,Low,Rain,Bike,Morning,Delhi,18.2
0.51,7,5,4.1,20,High,Rain,Cycle,Night,Bengaluru,23.4
1.28,15,5,3.7,26,Low,Clear,Bike,Morning,Delhi,14.3
2.46,14,4,4.5,24,Low,Rain,Scooter,Afternoon,Mumbai,20.4
0.79,6,8,4.6,34,Medium,Clear,Scooter,Evening,Mumbai,16.7
2.98,12,10,3.8,41,Low,Rain,Bike,Night,Bengaluru,22.8
2.72,1,6,4.8,29,Medium,Clear,Bike,Afternoon,Bengaluru,14.5
1.75,13,5,4.2,35,Low,Clear,Bike,Night,Bengaluru,14.8
2.15,7,3,3.7,41,Low,Clear,Bike,Night,Pune,13.7
0.91,14,3,4.6,37,Low,Clear,Bike,Morning,Bengaluru,13.8
4.36,13,6,4.7,29,Medium,Clear,Bike,Afternoon,Bengaluru,23.9
4.31,7,8,4.5,26,Low,Rain,Bike,Night,Bengaluru,22.1
1.05,14,11,4.8,40,High,Clear,Scooter,Morning,Delhi,23.9
1.08,15,11,4.6,22,Medium,Clear,Scooter,Evening,Mumbai,24.1
1.29,12,10,4.8,29,Medium,Rain,Bike,Night,Mumbai,21.2
3.7,1,8,4.2,26,Medium,Clear,Bike,Afternoon,Bengaluru,20.6
3.25,9,6,4.6,27,Medium,Rain,Bike,Evening,Mumbai,21.9
4.92,6,11,5.0,44,High,Clear,Scooter,Night,Delhi,27.9
5.26,15,11,4.6,20,Low,Fog,Scooter,Night,Mumbai,25.9
0.72,12,11,3.7,34,Low,Clear,Scooter,Afternoon,Pune,16.7
3.62,2,7,4.3,24,Low,Clear,Scooter,Night,Delhi,16.1
5.13,5,4,4.4,39,Low,Clear,Scooter,Afternoon,Mumbai,17.8
2.05,13,6,3.8,39,Low,Clear,Scooter,Afternoon,Mumbai,18.5
2.56,11,9,4.9,44,Medium,Fog,Bike,Afternoon,Delhi,22.2
2.3,4,2,3.8,37,Medium,Clear,Scooter,Afternoon,Mumbai,16.9
2.37,7,2,3.8,26,High,Clear,Cycle,Night,Mumbai,28.1
4.35,8,8,4.9,32,Low,Clear,Scooter,Evening,Bengaluru,25.7
7.08,11,6,4.2,42,Low,Rain,Scooter,Evening,Pune,31.5
5.88,14,6,3.6,34,High,Clear,Bike,Morning,Delhi,31.2
1.81,15,2,4.4,30,High,Fog,Cycle,Afternoon,Bengaluru,26.9
3.09,11,10,4.4,23,Medium,Clear,Bike,Night,Mumbai,24.4
1.45,1,2,3.6,42,Medium,Clear,Bike,Night,Delhi,14.1
1.56,5,6,5.0,44,High,Clear,Bike,Morning,Delhi,15.4
2.48,15,11,4.3,42,Medium,Rain,Cycle,Evening,Pune,32.6
1.53,3,10,4.3,37,Low,Fog,Cycle,Night,Pune,24.3
1.7,1,5,4.3,36,High,Clear,Cycle,Morning,Delhi,20.2
3.05,12,9,4.4,27,Medium,Clear,Scooter,Evening,Pune,24.3
3.59,3,7,3.9,20,Low,Rain,Scooter,Night,Pune,23.3
3.53,14,4,3.9,43,Medium,Clear,Cycle,Afternoon,Mumbai,25.5
3.55,6,5,4.3,38,Medium,Clear,Cycle,Morning,Pune,25.5
0.97,14,3,4.7,30,High,Clear,Scooter,Night,Pune,21.5
1.47,7,2,3.6,20,Low,Clear,Bike,Morning,Bengaluru,8.1
2.67,8,9,4.4,28,High,Clear,Scooter,Morning,Mumbai,22.4
4.99,13,2,4.7,19,Medium,Clear,Cycle,Morning,Mumbai,26.2
9.41,11,2,3.7,22,Medium,Clear,Cycle,Afternoon,Delhi,35.7
3.17,4,5,3.5,43,Low,Rain,Cycle,Evening,Pune,22.4
4.09,3,11,4.0,30,Medium,Clear,Cycle,Evening,Bengaluru,27.7
0.88,5,11,4.4,27,High,Rain,Cycle,Night,Bengaluru,30.2
4.03,9,7,3.7,22,Medium,Clear,Scooter,Afternoon,Mumbai,25.2
7.95,13,10,4.1,27,Low,Rain,Scooter,Evening,Pune,38.5
1.47,6,2,4.3,24,Medium,Clear,Bike,Night,Bengaluru,16.9
1.75,15,8,4.4,19,High,Rain,Scooter,Night,Delhi,27.3
4.43,9,11,3.9,28,Low,Clear,Scooter,Morning,Pune,21.0
2.65,15,6,4.1,32,Medium,Fog,Cycle,Afternoon,Pune,27.7
0.47,6,9,4.7,40,Medium,Clear,Scooter,Evening,Pune,13.7
1.82,2,8,4.9,43,Low,Clear,Bike,Afternoon,Bengaluru,11.7
6.07,13,5,4.8,36,Medium,Fog,Bike,Afternoon,Mumbai,26.9
2.14,5,5,4.3,24,Low,Clear,Scooter,Evening,Mumbai,16.9
2.14,12,7,4.1,36,High,Clear,Scooter,Evening,Delhi,27.9
4.26,11,7,4.0,38,Medium,Fog,Bike,Afternoon,Bengaluru,26.2
3.25,9,10,3.7,34,Medium,Clear,Bike,Night,Pune,23.2
2.06,8,6,3.7,33,Medium,Clear,Scooter,Afternoon,Delhi,19.3
1.66,7,9,4.5,34,Low,Fog,Bike,Evening,Delhi,17.0
10.0,1,6,3.9,26,High,Clear,Bike,Afternoon,Mumbai,34.9
5.48,4,3,3.9,31,Medium,Fog,Bike,Evening,Pune,25.6
3.55,12,7,5.0,41,Medium,Clear,Scooter,Night,Pune,21.7
3.69,7,10,3.8,29,Medium,Rain,Scooter,Afternoon,Bengaluru,27.4
2.38,11,4,3.7,43,Medium,Clear,Bike,Night,Bengaluru,17.2
3.22,7,2,3.6,25,Low,Fog,Cycle,Afternoon,Bengaluru,19.8
2.21,15,2,4.4,35,Low,Clear,Bike,Afternoon,Delhi,13.1
1.37,6,4,4.4,36,Low,Clear,Bike,Evening,Pune,13.5
3.3,8,11,4.0,40,High,Rain,Bike,Morning,Mumbai,26.1
2.08,11,6,4.3,41,Low,Clear,Bike,Evening,Delhi,15.6
3.41,13,4,4.7,37,Low,Rain,Bike,Afternoon,Delhi,24.2
3.83,6,10,4.7,43,High,Fog,Bike,Morning,Mumbai,26.5
3.53,10,9,4.9,31,Low,Clear,Scooter,Morning,Mumbai,18.4
1.28,3,4,4.7,33,Medium,Rain,Scooter,Night,Bengaluru,21.0
1.93,4,10,4.3,41,Low,Clear,Scooter,Afternoon,Mumbai,16.2
2.11,14,7,3.8,40,Low,Clear,Scooter,Evening,Mumbai,20.6
4.73,3,8,3.6,40,Medium,Clear,Bike,Morning,Mumbai,19.9
4.58,1,5,3.6,19,Low,Rain,Cycle,Morning,Mumbai,25.7
1.54,15,5,4.5,34,High,Clear,Bike,Evening,Bengaluru,22.8
0.95,10,3,4.7,23,Medium,Rain,Scooter,Evening,Delhi,21.5
9.67,5,6,4.3,44,Low,Clear,Bike,Morning,Pune,29.5
3.44,15,9,3.6,21,Low,Rain,Cycle,Evening,Pune,32.4
0.85,1,8,4.3,41,Medium,Clear,Scooter,Night,Delhi,15.6
1.72,1,8,4.9,28,Low,Rain,Bike,Morning,Pune,10.4
4.85,2,7,4.4,37,Low,Clear,Scooter,Night,Pune,14.9
8.31,13,4,4.7,23,Medium,Clear,Bike,Afternoon,Delhi,31.1
7.5,4,6,4.7,25,High,Clear,Scooter,Night,Pune,26.3
3.35,6,2,4.9,32,Medium,Rain,Scooter,Evening,Pune,23.0
2.61,8,8,4.7,21,Medium,Clear,Bike,Morning,Delhi,17.0
1.19,13,10,4.6,31,High,Rain,Bike,Night,Pune,29.3
2.75,3,2,3.9,31,Low,Clear,Bike,Evening,Mumbai,13.7
1.32,1,3,3.6,28,High,Rain,Scooter,Evening,Delhi,26.9
1.94,3,4,4.3,20,High,Clear,Bike,Night,Bengaluru,17.8
4.43,12,4,3.7,24,Medium,Clear,Scooter,Morning,Pune,24.6
2.21,3,9,4.9,26,High,Clear,Cycle,Night,Bengaluru,22.9
2.11,5,8,3.9,22,Low,Clear,Bike,Afternoon,Pune,10.1
2.51,11,7,4.8,43,Low,Clear,Cycle,Night,Mumbai,20.8
10.0,12,11,4.1,30,High,Fog,Scooter,Night,Delhi,42.2
1.09,12,11,4.0,33,Medium,Fog,Bike,Morning,Bengaluru,20.8
3.13,4,5,4.9,26,Low,Rain,Bike,Night,Delhi,16.8
7.11,13,10,4.0,25,Low,Clear,Scooter,Evening,Bengaluru,32.3
2.51,4,2,4.1,32,High,Clear,Bike,Morning,Pune,15.1
5.42,9,3,3.7,41,High,Rain,Bike,Evening,Mumbai,33.6
0.9,7,5,4.5,37,Medium,Clear,Bike,Morning,Bengaluru,13.9
2.26,4,4,3.9,32,High,Fog,Scooter,Afternoon,Bengaluru,22.4
1.43,3,2,4.4,40,Low,Clear,Scooter,Afternoon,Mumbai,10.3
2.49,6,6,4.4,31,Low,Fog,Scooter,Afternoon,Mumbai,15.3
2.53,3,8,4.6,39,Medium,Clear,Bike,Night,Mumbai,16.6
2.7,6,3,4.6,19,High,Rain,Scooter,Afternoon,Mumbai,21.4
4.41,11,6,4.3,37,Low,Clear,Cycle,Morning,Mumbai,27.9
0.31,13,7,4.0,19,Low,Fog,Bike,Afternoon,Delhi,17.7
1.67,11,8,4.8,22,High,Clear,Bike,Morning,Pune,23.6
2.99,13,2,4.0,28,High,Rain,Cycle,Evening,Pune,35.5
0.49,13,8,4.3,21,Medium,Rain,Scooter,Night,Bengaluru,20.4
3.86,12,5,4.1,38,Low,Clear,Scooter,Evening,Mumbai,18.1
1.65,9,9,4.8,27,High,Clear,Cycle,Evening,Delhi,27.4
2.29,6,5,4.1,21,High,Clear,Scooter,Afternoon,Delhi,22.2
4.53,12,7,4.1,24,Medium,Clear,Bike,Afternoon,Bengaluru,23.1
5.56,4,10,4.5,24,High,Clear,Scooter,Afternoon,Mumbai,25.1
3.93,15,6,4.4,41,High,Clear,Scooter,Evening,Pune,30.9
1.06,5,5,3.7,43,High,Clear,Cycle,Night,Mumbai,20.4
3.81,13,9,4.3,30,High,Rain,Bike,Night,Delhi,31.1
3.97,6,10,4.6,41,Medium,Rain,Scooter,Evening,Mumbai,32.3
3.49,11,5,5.0,19,Medium,Clear,Scooter,Night,Pune,20.4
6.11,3,4,4.4,34,Medium,Fog,Bike,Evening,Pune,28.6
2.75,8,9,4.1,42,Medium,Fog,Bike,Evening,Bengaluru,25.3
5.97,4,6,3.8,23,High,Clear,Cycle,Night,Delhi,31.5
5.95,8,3,4.8,27,High,Clear,Bike,Morning,Mumbai,26.4
4.04,10,11,4.7,28,Medium,Clear,Scooter,Morning,Mumbai,23.5
3.16,10,10,3.9,31,Medium,Rain,Cycle,Afternoon,Bengaluru,28.5
3.51,3,4,3.8,33,Medium,Rain,Bike,Night,Bengaluru,18.8
6.91,10,3,4.6,30,Medium,Clear,Cycle,Afternoon,Bengaluru,30.5
4.99,7,2,4.0,23,Medium,Rain,Scooter,Evening,Delhi,31.6
1.17,11,9,4.0,23,Low,Clear,Scooter,Morning,Mumbai,12.9
3.37,13,4,3.7,36,Medium,Clear,Bike,Night,Bengaluru,19.1
1.37,12,8,3.9,30,Low,Rain,Cycle,Night,Delhi,25.6
1.61,9,2,4.1,21,Low,Rain,Bike,Night,Mumbai,12.8
2.0,4,2,4.6,44,High,Clear,Bike,Morning,Pune,20.2
0.82,8,10,4.0,43,Low,Clear,Bike,Afternoon,Bengaluru,12.3
1.3,3,9,4.0,25,Low,Fog,Bike,Morning,Delhi,13.4
6.31,7,4,3.9,35,Low,Clear,Scooter,Afternoon,Mumbai,20.7
1.6,3,7,4.2,37,Low,Rain,Cycle,Evening,Mumbai,24.9
4.42,12,4,3.8,36,High,Clear,Cycle,Evening,Bengaluru,37.5
2.92,15,5,4.2,19,Medium,Clear,Bike,Afternoon,Bengaluru,18.6
3.7,15,2,4.6,43,High,Clear,Bike,Evening,Mumbai,26.9
3.8,7,6,3.5,42,Medium,Clear,Scooter,Evening,Delhi,21.4
1.26,14,2,3.5,23,Low,Rain,Bike,Night,Pune,19.1
4.4,11,2,3.6,20,Low,Clear,Scooter,Night,Mumbai,22.9
0.97,10,11,4.3,19,Medium,Clear,Cycle,Morning,Delhi,25.0
1.55,10,8,4.8,25,Medium,Clear,Cycle,Morning,Bengaluru,21.0
3.77,11,7,3.5,29,High,Clear,Bike,Morning,Mumbai,23.7
1.19,11,3,4.9,29,Medium,Fog,Scooter,Night,Bengaluru,17.1
0.45,6,3,3.7,36,Medium,Rain,Bike,Morning,Pune,14.3
3.27,2,8,4.8,35,High,Clear,Bike,Morning,Bengaluru,19.8
0.7,11,2,4.2,20,High,Rain,Scooter,Night,Pune,22.5
3.99,3,3,4.5,25,Medium,Rain,Cycle,Afternoon,Bengaluru,25.8
2.1,6,9,4.3,25,Low,Rain,Cycle,Night,Bengaluru,25.9
3.24,14,7,4.2,28,Medium,Clear,Cycle,Afternoon,Pune,28.0
3.2,4,3,4.8,40,Medium,Clear,Cycle,Night,Bengaluru,20.6
4.18,6,8,4.6,39,High,Clear,Bike,Morning,Delhi,24.9
3.84,1,5,4.2,21,Medium,Rain,Scooter,Evening,Bengaluru,27.3
1.19,10,3,3.7,30,Low,Rain,Bike,Evening,Mumbai,16.6
2.19,12,7,3.7,21,High,Clear,Bike,Afternoon,Bengaluru,23.7
